txn_id,date,month,supplier_id,category_id,amount_eur,on_contract_flag,po_flag
TX0000001,2024-06-15,2024-06,SUP022,CAT01,408840.07,1,1
TX0000002,2024-06-26,2024-06,SUP009,CAT01,674867.07,1,1
TX0000003,2024-06-06,2024-06,SUP066,CAT01,466657.57,1,1
TX0000004,2024-06-14,2024-06,SUP022,CAT01,749225.23,1,1
TX0000005,2024-06-26,2024-06,SUP029,CAT01,481289.58,1,1
TX0000006,2024-06-16,2024-06,SUP080,CAT01,635041.71,0,1
TX0000007,2024-06-18,2024-06,SUP041,CAT01,1116506.32,0,0
TX0000008,2024-06-10,2024-06,SUP022,CAT01,1066654.53,1,1
TX0000009,2024-06-01,2024-06,SUP022,CAT01,1804744.03,1,0
TX0000010,2024-06-06,2024-06,SUP022,CAT01,916350.42,0,1
TX0000011,2024-06-20,2024-06,SUP010,CAT01,708077.45,1,1
TX0000012,2024-06-21,2024-06,SUP066,CAT01,1984048.09,1,1
TX0000013,2024-06-23,2024-06,SUP066,CAT01,584462.29,1,1
TX0000014,2024-06-20,2024-06,SUP017,CAT01,59056.94,1,1
TX0000015,2024-06-15,2024-06,SUP017,CAT01,1218239.35,1,1
TX0000016,2024-06-27,2024-06,SUP066,CAT01,839240.51,1,1
TX0000017,2024-06-02,2024-06,SUP004,CAT01,682980.23,0,1
TX0000018,2024-06-06,2024-06,SUP022,CAT01,1240575.22,1,1
TX0000019,2024-06-27,2024-06,SUP022,CAT01,484713.12,1,1
TX0000020,2024-06-04,2024-06,SUP046,CAT01,63473.12,1,1
TX0000021,2024-06-27,2024-06,SUP015,CAT01,1257515.33,1,1
TX0000022,2024-06-09,2024-06,SUP046,CAT01,396516.63,1,1
TX0000023,2024-06-15,2024-06,SUP022,CAT01,294258.53,1,1
TX0000024,2024-06-27,2024-06,SUP035,CAT02,771119.89,1,0
TX0000025,2024-06-08,2024-06,SUP035,CAT02,261445.35,1,1
TX0000026,2024-06-13,2024-06,SUP025,CAT02,55489.87,1,1
TX0000027,2024-06-25,2024-06,SUP021,CAT02,781475.43,1,1
TX0000028,2024-06-12,2024-06,SUP035,CAT02,433828.61,1,1
TX0000029,2024-06-12,2024-06,SUP021,CAT02,190786.88,1,1
TX0000030,2024-06-18,2024-06,SUP061,CAT02,214863.0,0,0
TX0000031,2024-06-17,2024-06,SUP021,CAT02,521466.81,1,1
TX0000032,2024-06-22,2024-06,SUP021,CAT02,512049.55,1,1
TX0000033,2024-06-17,2024-06,SUP035,CAT02,751550.96,1,1
TX0000034,2024-06-21,2024-06,SUP035,CAT02,287259.89,1,1
TX0000035,2024-06-07,2024-06,SUP035,CAT02,207574.17,1,1
TX0000036,2024-06-25,2024-06,SUP025,CAT02,409413.78,1,1
TX0000037,2024-06-08,2024-06,SUP063,CAT02,335611.96,1,1
TX0000038,2024-06-06,2024-06,SUP035,CAT02,239706.73,1,1
TX0000039,2024-06-05,2024-06,SUP035,CAT02,71236.93,0,0
TX0000040,2024-06-20,2024-06,SUP025,CAT02,837293.64,1,1
TX0000041,2024-06-11,2024-06,SUP016,CAT02,1321703.17,1,1
TX0000042,2024-06-08,2024-06,SUP035,CAT02,661161.83,1,1
TX0000043,2024-06-05,2024-06,SUP021,CAT02,284180.64,1,1
TX0000044,2024-06-02,2024-06,SUP035,CAT02,450780.92,1,1
TX0000045,2024-06-21,2024-06,SUP014,CAT03,322285.39,1,1
TX0000046,2024-06-06,2024-06,SUP008,CAT03,120896.49,0,1
TX0000047,2024-06-06,2024-06,SUP064,CAT03,469651.04,1,1
TX0000048,2024-06-10,2024-06,SUP036,CAT03,164105.02,1,1
TX0000049,2024-06-21,2024-06,SUP064,CAT03,18409.91,1,1
TX0000050,2024-06-12,2024-06,SUP053,CAT03,676485.65,1,1
TX0000051,2024-06-13,2024-06,SUP014,CAT03,204653.4,0,0
TX0000052,2024-06-05,2024-06,SUP014,CAT03,362579.65,0,0
TX0000053,2024-06-12,2024-06,SUP060,CAT03,35152.56,1,1
TX0000054,2024-06-03,2024-06,SUP014,CAT03,105320.84,1,1
TX0000055,2024-06-21,2024-06,SUP064,CAT03,150585.01,1,1
TX0000056,2024-06-11,2024-06,SUP008,CAT03,59107.39,1,1
TX0000057,2024-06-13,2024-06,SUP053,CAT03,161112.46,1,1
TX0000058,2024-06-18,2024-06,SUP060,CAT03,137129.96,0,0
TX0000059,2024-06-08,2024-06,SUP014,CAT03,436158.13,1,1
TX0000060,2024-06-14,2024-06,SUP019,CAT03,17563.07,1,1
TX0000061,2024-06-11,2024-06,SUP073,CAT03,290374.04,1,1
TX0000062,2024-06-03,2024-06,SUP014,CAT03,382522.93,1,1
TX0000063,2024-06-05,2024-06,SUP039,CAT03,680379.23,1,1
TX0000064,2024-06-17,2024-06,SUP039,CAT03,330203.62,1,1
TX0000065,2024-06-23,2024-06,SUP014,CAT03,85207.94,0,1
TX0000066,2024-06-15,2024-06,SUP060,CAT03,157582.22,1,1
TX0000067,2024-06-09,2024-06,SUP060,CAT03,232134.62,1,1
TX0000068,2024-06-05,2024-06,SUP036,CAT03,480219.96,1,1
TX0000069,2024-06-26,2024-06,SUP064,CAT03,30624.68,0,1
TX0000070,2024-06-27,2024-06,SUP014,CAT03,289554.81,0,1
TX0000071,2024-06-03,2024-06,SUP018,CAT04,241750.46,1,1
TX0000072,2024-06-21,2024-06,SUP018,CAT04,114603.93,1,1
TX0000073,2024-06-26,2024-06,SUP018,CAT04,38934.71,1,1
TX0000074,2024-06-20,2024-06,SUP071,CAT04,152596.39,1,1
TX0000075,2024-06-12,2024-06,SUP049,CAT04,145456.2,1,1
TX0000076,2024-06-22,2024-06,SUP049,CAT04,110056.45,1,1
TX0000077,2024-06-19,2024-06,SUP071,CAT04,247302.76,1,1
TX0000078,2024-06-09,2024-06,SUP037,CAT04,138736.21,1,1
TX0000079,2024-06-06,2024-06,SUP037,CAT04,223254.56,1,1
TX0000080,2024-06-09,2024-06,SUP037,CAT04,285363.89,1,1
TX0000081,2024-06-27,2024-06,SUP049,CAT04,707677.41,1,1
TX0000082,2024-06-16,2024-06,SUP018,CAT04,154618.3,1,1
TX0000083,2024-06-05,2024-06,SUP071,CAT04,374716.56,1,1
TX0000084,2024-06-17,2024-06,SUP071,CAT04,198384.65,1,1
TX0000085,2024-06-17,2024-06,SUP037,CAT04,206928.28,1,1
TX0000086,2024-06-02,2024-06,SUP049,CAT04,156265.52,1,1
TX0000087,2024-06-09,2024-06,SUP018,CAT04,185756.36,1,1
TX0000088,2024-06-12,2024-06,SUP071,CAT04,139771.94,1,1
TX0000089,2024-06-02,2024-06,SUP071,CAT04,331467.37,1,1
TX0000090,2024-06-21,2024-06,SUP071,CAT04,89908.95,1,1
TX0000091,2024-06-26,2024-06,SUP037,CAT04,38516.1,1,1
TX0000092,2024-06-14,2024-06,SUP018,CAT04,107023.84,1,1
TX0000093,2024-06-12,2024-06,SUP018,CAT04,97529.58,1,1
TX0000094,2024-06-14,2024-06,SUP018,CAT04,106975.25,1,1
TX0000095,2024-06-27,2024-06,SUP018,CAT04,149901.8,1,1
TX0000096,2024-06-26,2024-06,SUP018,CAT04,107312.91,1,1
TX0000097,2024-06-16,2024-06,SUP071,CAT04,148238.34,1,1
TX0000098,2024-06-01,2024-06,SUP018,CAT04,107596.1,1,1
TX0000099,2024-06-06,2024-06,SUP018,CAT04,226688.5,1,1
TX0000100,2024-06-10,2024-06,SUP077,CAT05,257327.57,1,1
TX0000101,2024-06-01,2024-06,SUP001,CAT05,200913.94,1,1
TX0000102,2024-06-15,2024-06,SUP078,CAT05,400141.2,1,1
TX0000103,2024-06-22,2024-06,SUP048,CAT05,206834.0,1,1
TX0000104,2024-06-19,2024-06,SUP077,CAT05,289125.3,1,1
TX0000105,2024-06-07,2024-06,SUP056,CAT05,34104.85,1,1
TX0000106,2024-06-03,2024-06,SUP056,CAT05,287659.82,1,1
TX0000107,2024-06-05,2024-06,SUP003,CAT05,197573.59,1,1
TX0000108,2024-06-15,2024-06,SUP078,CAT05,552570.27,1,1
TX0000109,2024-06-01,2024-06,SUP078,CAT05,234659.28,0,0
TX0000110,2024-06-20,2024-06,SUP001,CAT05,498099.0,1,1
TX0000111,2024-06-27,2024-06,SUP048,CAT05,459034.33,0,0
TX0000112,2024-06-02,2024-06,SUP078,CAT05,468004.27,1,1
TX0000113,2024-06-23,2024-06,SUP077,CAT05,241422.41,0,0
TX0000114,2024-06-14,2024-06,SUP048,CAT05,302305.96,1,1
TX0000115,2024-06-05,2024-06,SUP048,CAT05,392447.28,1,1
TX0000116,2024-06-15,2024-06,SUP077,CAT05,309410.81,0,0
TX0000117,2024-06-13,2024-06,SUP078,CAT05,235073.19,1,1
TX0000118,2024-06-01,2024-06,SUP077,CAT05,130741.27,0,0
TX0000119,2024-06-10,2024-06,SUP078,CAT05,291719.77,1,1
TX0000120,2024-06-15,2024-06,SUP070,CAT05,66751.98,1,1
TX0000121,2024-06-20,2024-06,SUP048,CAT05,30777.11,1,1
TX0000122,2024-06-22,2024-06,SUP056,CAT05,104076.08,1,1
TX0000123,2024-06-07,2024-06,SUP048,CAT05,464180.7,1,1
TX0000124,2024-06-18,2024-06,SUP048,CAT05,344227.01,1,1
TX0000125,2024-06-27,2024-06,SUP001,CAT05,467485.67,1,1
TX0000126,2024-06-19,2024-06,SUP023,CAT06,84792.33,0,1
TX0000127,2024-06-11,2024-06,SUP050,CAT06,660031.24,1,1
TX0000128,2024-06-11,2024-06,SUP074,CAT06,227481.29,1,1
TX0000129,2024-06-11,2024-06,SUP020,CAT06,108628.97,1,1
TX0000130,2024-06-08,2024-06,SUP067,CAT06,75266.61,1,1
TX0000131,2024-06-18,2024-06,SUP069,CAT06,62008.08,0,1
TX0000132,2024-06-10,2024-06,SUP050,CAT06,115650.25,0,0
TX0000133,2024-06-12,2024-06,SUP067,CAT06,109998.67,1,1
TX0000134,2024-06-10,2024-06,SUP069,CAT06,156657.75,1,1
TX0000135,2024-06-19,2024-06,SUP067,CAT06,269562.39,1,1
TX0000136,2024-06-21,2024-06,SUP020,CAT06,176504.23,1,1
TX0000137,2024-06-05,2024-06,SUP020,CAT06,331583.81,0,0
TX0000138,2024-06-20,2024-06,SUP069,CAT06,147714.48,0,0
TX0000139,2024-06-04,2024-06,SUP050,CAT06,562651.59,1,1
TX0000140,2024-06-15,2024-06,SUP067,CAT06,325931.07,0,1
TX0000141,2024-06-02,2024-06,SUP020,CAT06,222856.95,1,1
TX0000142,2024-06-26,2024-06,SUP067,CAT06,270226.25,1,1
TX0000143,2024-06-10,2024-06,SUP069,CAT06,118373.78,1,1
TX0000144,2024-06-08,2024-06,SUP067,CAT06,154607.84,1,1
TX0000145,2024-06-12,2024-06,SUP069,CAT06,149814.6,1,1
TX0000146,2024-06-11,2024-06,SUP050,CAT06,97562.04,1,1
TX0000147,2024-06-07,2024-06,SUP067,CAT06,51667.47,1,1
TX0000148,2024-06-06,2024-06,SUP069,CAT06,280893.76,0,0
TX0000149,2024-06-22,2024-06,SUP067,CAT06,368819.24,0,1
TX0000150,2024-06-15,2024-06,SUP050,CAT06,252656.17,1,1
TX0000151,2024-06-13,2024-06,SUP069,CAT06,176095.12,0,0
TX0000152,2024-06-25,2024-06,SUP067,CAT06,734536.79,1,1
TX0000153,2024-06-02,2024-06,SUP067,CAT06,107427.22,0,1
TX0000154,2024-07-15,2024-07,SUP080,CAT01,541284.8,1,1
TX0000155,2024-07-07,2024-07,SUP022,CAT01,242328.81,1,1
TX0000156,2024-07-09,2024-07,SUP066,CAT01,356591.83,1,1
TX0000157,2024-07-11,2024-07,SUP022,CAT01,1127393.88,1,1
TX0000158,2024-07-08,2024-07,SUP072,CAT01,223435.37,1,1
TX0000159,2024-07-16,2024-07,SUP006,CAT01,595618.99,0,1
TX0000160,2024-07-10,2024-07,SUP010,CAT01,841632.31,1,1
TX0000161,2024-07-02,2024-07,SUP072,CAT01,638050.83,1,1
TX0000162,2024-07-01,2024-07,SUP075,CAT01,468541.95,0,1
TX0000163,2024-07-03,2024-07,SUP017,CAT01,525106.3,1,1
TX0000164,2024-07-03,2024-07,SUP022,CAT01,667343.44,0,1
TX0000165,2024-07-20,2024-07,SUP022,CAT01,221051.89,0,0
TX0000166,2024-07-16,2024-07,SUP022,CAT01,436883.82,1,1
TX0000167,2024-07-23,2024-07,SUP015,CAT01,1727006.76,1,1
TX0000168,2024-07-05,2024-07,SUP066,CAT01,609060.9,1,1
TX0000169,2024-07-24,2024-07,SUP017,CAT01,481264.05,1,1
TX0000170,2024-07-20,2024-07,SUP046,CAT01,328102.3,1,1
TX0000171,2024-07-20,2024-07,SUP006,CAT01,223293.18,1,1
TX0000172,2024-07-03,2024-07,SUP005,CAT01,538252.93,1,1
TX0000173,2024-07-06,2024-07,SUP046,CAT01,566208.93,1,0
TX0000174,2024-07-06,2024-07,SUP022,CAT01,414458.14,0,0
TX0000175,2024-07-09,2024-07,SUP046,CAT01,2186582.52,1,1
TX0000176,2024-07-25,2024-07,SUP006,CAT01,241028.19,0,1
TX0000177,2024-07-01,2024-07,SUP075,CAT01,193386.6,1,1
TX0000178,2024-07-07,2024-07,SUP065,CAT01,331965.09,1,1
TX0000179,2024-07-14,2024-07,SUP066,CAT01,424897.2,1,1
TX0000180,2024-07-08,2024-07,SUP010,CAT01,213009.21,1,1
TX0000181,2024-07-17,2024-07,SUP017,CAT01,528659.13,1,0
TX0000182,2024-07-01,2024-07,SUP022,CAT01,571671.26,1,1
TX0000183,2024-07-05,2024-07,SUP026,CAT01,724197.2,1,1
TX0000184,2024-07-23,2024-07,SUP017,CAT01,289324.21,1,1
TX0000185,2024-07-27,2024-07,SUP035,CAT02,217846.15,1,0
TX0000186,2024-07-07,2024-07,SUP034,CAT02,117583.38,1,1
TX0000187,2024-07-06,2024-07,SUP025,CAT02,596598.8,1,1
TX0000188,2024-07-22,2024-07,SUP021,CAT02,2891.99,0,0
TX0000189,2024-07-15,2024-07,SUP021,CAT02,1042566.52,0,1
TX0000190,2024-07-16,2024-07,SUP025,CAT02,36779.78,1,1
TX0000191,2024-07-25,2024-07,SUP021,CAT02,320365.35,0,0
TX0000192,2024-07-27,2024-07,SUP055,CAT02,390076.33,1,1
TX0000193,2024-07-11,2024-07,SUP035,CAT02,414848.08,1,1
TX0000194,2024-07-07,2024-07,SUP021,CAT02,1269803.5,1,1
TX0000195,2024-07-03,2024-07,SUP035,CAT02,65770.84,0,1
TX0000196,2024-07-06,2024-07,SUP052,CAT02,688172.15,1,1
TX0000197,2024-07-03,2024-07,SUP021,CAT02,223415.02,0,0
TX0000198,2024-07-02,2024-07,SUP021,CAT02,603871.04,0,0
TX0000199,2024-07-25,2024-07,SUP007,CAT02,166238.57,0,0
TX0000200,2024-07-20,2024-07,SUP013,CAT02,247675.63,1,1
TX0000201,2024-07-02,2024-07,SUP035,CAT02,144866.16,0,0
TX0000202,2024-07-16,2024-07,SUP063,CAT02,221844.52,1,1
TX0000203,2024-07-14,2024-07,SUP013,CAT02,210708.32,0,0
TX0000204,2024-07-05,2024-07,SUP035,CAT02,320370.35,1,1
TX0000205,2024-07-02,2024-07,SUP016,CAT02,385711.13,1,1
TX0000206,2024-07-02,2024-07,SUP035,CAT02,390720.43,1,1
TX0000207,2024-07-17,2024-07,SUP035,CAT02,331012.17,1,1
TX0000208,2024-07-20,2024-07,SUP025,CAT02,415825.36,1,1
TX0000209,2024-07-01,2024-07,SUP007,CAT02,427302.46,1,1
TX0000210,2024-07-15,2024-07,SUP008,CAT03,34362.28,1,1
TX0000211,2024-07-10,2024-07,SUP014,CAT03,135781.57,1,1
TX0000212,2024-07-12,2024-07,SUP064,CAT03,115872.45,1,0
TX0000213,2024-07-05,2024-07,SUP008,CAT03,504285.07,1,1
TX0000214,2024-07-03,2024-07,SUP014,CAT03,44822.97,1,1
TX0000215,2024-07-18,2024-07,SUP047,CAT03,445911.5,1,1
TX0000216,2024-07-07,2024-07,SUP014,CAT03,106121.32,0,1
TX0000217,2024-07-08,2024-07,SUP008,CAT03,11516.94,1,1
TX0000218,2024-07-04,2024-07,SUP047,CAT03,144512.83,1,1
TX0000219,2024-07-21,2024-07,SUP036,CAT03,126602.23,1,1
TX0000220,2024-07-20,2024-07,SUP053,CAT03,391273.44,1,1
TX0000221,2024-07-03,2024-07,SUP064,CAT03,111640.48,1,0
TX0000222,2024-07-18,2024-07,SUP008,CAT03,575833.29,1,1
TX0000223,2024-07-21,2024-07,SUP064,CAT03,366897.77,0,1
TX0000224,2024-07-22,2024-07,SUP064,CAT03,195869.82,1,1
TX0000225,2024-07-24,2024-07,SUP060,CAT03,77216.45,1,1
TX0000226,2024-07-10,2024-07,SUP053,CAT03,222721.4,1,1
TX0000227,2024-07-03,2024-07,SUP053,CAT03,163512.99,1,1
TX0000228,2024-07-06,2024-07,SUP053,CAT03,273637.15,1,1
TX0000229,2024-07-05,2024-07,SUP053,CAT03,305960.65,1,1
TX0000230,2024-07-22,2024-07,SUP008,CAT03,846934.7,0,0
TX0000231,2024-07-18,2024-07,SUP073,CAT03,124148.46,1,1
TX0000232,2024-07-10,2024-07,SUP051,CAT03,322036.48,1,1
TX0000233,2024-07-11,2024-07,SUP060,CAT03,130235.04,0,0
TX0000234,2024-07-15,2024-07,SUP036,CAT03,88052.04,1,1
TX0000235,2024-07-13,2024-07,SUP008,CAT03,193972.25,0,1
TX0000236,2024-07-22,2024-07,SUP047,CAT03,108844.45,1,1
TX0000237,2024-07-14,2024-07,SUP071,CAT04,237509.42,1,1
TX0000238,2024-07-13,2024-07,SUP037,CAT04,151571.99,1,1
TX0000239,2024-07-19,2024-07,SUP071,CAT04,16236.05,1,1
TX0000240,2024-07-21,2024-07,SUP071,CAT04,121055.87,1,1
TX0000241,2024-07-03,2024-07,SUP037,CAT04,297288.99,1,1
TX0000242,2024-07-16,2024-07,SUP071,CAT04,438187.58,1,1
TX0000243,2024-07-05,2024-07,SUP037,CAT04,170981.88,1,1
TX0000244,2024-07-07,2024-07,SUP043,CAT04,487022.2,1,1
TX0000245,2024-07-07,2024-07,SUP018,CAT04,71557.65,1,1
TX0000246,2024-07-27,2024-07,SUP018,CAT04,227823.06,1,1
TX0000247,2024-07-26,2024-07,SUP071,CAT04,232585.8,1,1
TX0000248,2024-07-11,2024-07,SUP037,CAT04,261085.81,1,1
TX0000249,2024-07-20,2024-07,SUP037,CAT04,189527.23,1,1
TX0000250,2024-07-22,2024-07,SUP018,CAT04,218716.22,1,1
TX0000251,2024-07-10,2024-07,SUP037,CAT04,69941.49,1,1
TX0000252,2024-07-05,2024-07,SUP071,CAT04,409947.17,1,0
TX0000253,2024-07-23,2024-07,SUP071,CAT04,322263.38,1,1
TX0000254,2024-07-04,2024-07,SUP018,CAT04,212383.38,1,1
TX0000255,2024-07-11,2024-07,SUP043,CAT04,327554.75,1,0
TX0000256,2024-07-01,2024-07,SUP037,CAT04,418878.61,1,1
TX0000257,2024-07-19,2024-07,SUP049,CAT04,258361.46,1,1
TX0000258,2024-07-15,2024-07,SUP078,CAT05,179683.8,1,1
TX0000259,2024-07-19,2024-07,SUP001,CAT05,168432.7,1,0
TX0000260,2024-07-13,2024-07,SUP078,CAT05,171825.23,1,1
TX0000261,2024-07-17,2024-07,SUP048,CAT05,234549.37,1,1
TX0000262,2024-07-22,2024-07,SUP077,CAT05,389815.97,1,1
TX0000263,2024-07-05,2024-07,SUP070,CAT05,162382.37,1,1
TX0000264,2024-07-12,2024-07,SUP048,CAT05,196669.55,0,0
TX0000265,2024-07-02,2024-07,SUP031,CAT05,659644.57,1,1
TX0000266,2024-07-07,2024-07,SUP031,CAT05,37948.97,1,1
TX0000267,2024-07-12,2024-07,SUP028,CAT05,545774.24,0,1
TX0000268,2024-07-24,2024-07,SUP077,CAT05,473180.41,0,1
TX0000269,2024-07-26,2024-07,SUP048,CAT05,55796.8,0,0
TX0000270,2024-07-23,2024-07,SUP048,CAT05,38874.83,1,1
TX0000271,2024-07-22,2024-07,SUP078,CAT05,563267.49,1,1
TX0000272,2024-07-06,2024-07,SUP077,CAT05,71525.62,1,1
TX0000273,2024-07-23,2024-07,SUP077,CAT05,226709.37,0,0
TX0000274,2024-07-15,2024-07,SUP078,CAT05,600849.1,1,1
TX0000275,2024-07-11,2024-07,SUP056,CAT05,341770.01,1,1
TX0000276,2024-07-21,2024-07,SUP078,CAT05,318373.76,1,1
TX0000277,2024-07-07,2024-07,SUP003,CAT05,433956.7,1,1
TX0000278,2024-07-03,2024-07,SUP078,CAT05,427975.29,1,1
TX0000279,2024-07-21,2024-07,SUP078,CAT05,279266.16,1,1
TX0000280,2024-07-12,2024-07,SUP078,CAT05,319961.49,1,1
TX0000281,2024-07-09,2024-07,SUP077,CAT05,298438.22,0,0
TX0000282,2024-07-18,2024-07,SUP069,CAT06,443539.28,0,1
TX0000283,2024-07-25,2024-07,SUP020,CAT06,129591.95,1,1
TX0000284,2024-07-19,2024-07,SUP069,CAT06,170402.29,1,1
TX0000285,2024-07-18,2024-07,SUP067,CAT06,121439.08,1,1
TX0000286,2024-07-01,2024-07,SUP069,CAT06,409515.45,0,1
TX0000287,2024-07-18,2024-07,SUP033,CAT06,87128.73,0,1
TX0000288,2024-07-08,2024-07,SUP067,CAT06,227606.59,1,1
TX0000289,2024-07-18,2024-07,SUP069,CAT06,27041.75,0,0
TX0000290,2024-07-24,2024-07,SUP067,CAT06,56131.71,1,1
TX0000291,2024-07-22,2024-07,SUP033,CAT06,155728.75,1,1
TX0000292,2024-07-14,2024-07,SUP050,CAT06,134247.54,1,1
TX0000293,2024-07-19,2024-07,SUP069,CAT06,134071.57,1,1
TX0000294,2024-07-25,2024-07,SUP020,CAT06,363196.75,1,0
TX0000295,2024-07-04,2024-07,SUP069,CAT06,378223.85,1,1
TX0000296,2024-07-07,2024-07,SUP076,CAT06,261809.92,1,1
TX0000297,2024-07-27,2024-07,SUP020,CAT06,82747.7,1,1
TX0000298,2024-07-05,2024-07,SUP033,CAT06,191165.41,1,1
TX0000299,2024-07-26,2024-07,SUP069,CAT06,702589.42,1,1
TX0000300,2024-07-14,2024-07,SUP020,CAT06,930615.26,1,1
TX0000301,2024-07-17,2024-07,SUP067,CAT06,412278.91,0,0
TX0000302,2024-07-24,2024-07,SUP069,CAT06,85888.75,0,1
TX0000303,2024-07-06,2024-07,SUP067,CAT06,192501.66,1,1
TX0000304,2024-07-02,2024-07,SUP067,CAT06,249170.54,1,1
TX0000305,2024-07-06,2024-07,SUP069,CAT06,221943.15,0,1
TX0000306,2024-08-01,2024-08,SUP072,CAT01,269136.75,1,1
TX0000307,2024-08-17,2024-08,SUP017,CAT01,868830.05,1,1
TX0000308,2024-08-07,2024-08,SUP066,CAT01,571533.86,1,1
TX0000309,2024-08-18,2024-08,SUP006,CAT01,361244.5,0,0
TX0000310,2024-08-13,2024-08,SUP046,CAT01,853149.67,1,1
TX0000311,2024-08-13,2024-08,SUP066,CAT01,957929.33,1,1
TX0000312,2024-08-05,2024-08,SUP046,CAT01,1187029.48,1,1
TX0000313,2024-08-23,2024-08,SUP022,CAT01,243425.55,0,1
TX0000314,2024-08-09,2024-08,SUP046,CAT01,1084871.09,1,1
TX0000315,2024-08-11,2024-08,SUP010,CAT01,366822.37,1,1
TX0000316,2024-08-02,2024-08,SUP017,CAT01,551261.31,1,1
TX0000317,2024-08-26,2024-08,SUP017,CAT01,633848.9,1,1
TX0000318,2024-08-20,2024-08,SUP030,CAT01,1025258.83,1,1
TX0000319,2024-08-18,2024-08,SUP022,CAT01,792676.5,1,1
TX0000320,2024-08-11,2024-08,SUP017,CAT01,356252.81,1,1
TX0000321,2024-08-20,2024-08,SUP066,CAT01,42482.18,1,1
TX0000322,2024-08-21,2024-08,SUP022,CAT01,683223.1,1,1
TX0000323,2024-08-19,2024-08,SUP022,CAT01,534179.15,1,1
TX0000324,2024-08-22,2024-08,SUP022,CAT01,141198.23,1,1
TX0000325,2024-08-09,2024-08,SUP015,CAT01,583020.16,1,1
TX0000326,2024-08-07,2024-08,SUP057,CAT01,474887.69,1,1
TX0000327,2024-08-04,2024-08,SUP022,CAT01,1179163.69,0,0
TX0000328,2024-08-15,2024-08,SUP004,CAT01,1646202.19,1,1
TX0000329,2024-08-03,2024-08,SUP079,CAT01,941506.71,1,1
TX0000330,2024-08-16,2024-08,SUP066,CAT01,453641.52,1,1
TX0000331,2024-08-02,2024-08,SUP057,CAT01,508822.27,1,1
TX0000332,2024-08-13,2024-08,SUP066,CAT01,235666.12,1,1
TX0000333,2024-08-26,2024-08,SUP016,CAT02,129361.44,1,1
TX0000334,2024-08-16,2024-08,SUP021,CAT02,316735.78,0,1
TX0000335,2024-08-09,2024-08,SUP021,CAT02,466734.33,1,1
TX0000336,2024-08-10,2024-08,SUP025,CAT02,127847.69,0,0
TX0000337,2024-08-14,2024-08,SUP035,CAT02,46170.03,1,0
TX0000338,2024-08-15,2024-08,SUP035,CAT02,555451.07,1,1
TX0000339,2024-08-03,2024-08,SUP035,CAT02,98442.23,1,1
TX0000340,2024-08-03,2024-08,SUP021,CAT02,175322.94,1,1
TX0000341,2024-08-05,2024-08,SUP035,CAT02,457338.31,1,1
TX0000342,2024-08-19,2024-08,SUP025,CAT02,121816.56,1,1
TX0000343,2024-08-14,2024-08,SUP011,CAT02,529251.9,1,1
TX0000344,2024-08-06,2024-08,SUP021,CAT02,153869.85,0,0
TX0000345,2024-08-09,2024-08,SUP025,CAT02,137362.75,1,0
TX0000346,2024-08-17,2024-08,SUP021,CAT02,95798.65,1,1
TX0000347,2024-08-05,2024-08,SUP042,CAT02,155107.16,1,1
TX0000348,2024-08-14,2024-08,SUP035,CAT02,414709.13,1,1
TX0000349,2024-08-13,2024-08,SUP035,CAT02,175350.24,1,1
TX0000350,2024-08-01,2024-08,SUP021,CAT02,557015.21,1,1
TX0000351,2024-08-01,2024-08,SUP042,CAT02,280256.96,1,1
TX0000352,2024-08-17,2024-08,SUP035,CAT02,299377.29,1,1
TX0000353,2024-08-17,2024-08,SUP021,CAT02,133552.04,1,1
TX0000354,2024-08-20,2024-08,SUP035,CAT02,614105.32,1,1
TX0000355,2024-08-10,2024-08,SUP035,CAT02,469402.08,1,0
TX0000356,2024-08-21,2024-08,SUP025,CAT02,460166.45,1,1
TX0000357,2024-08-13,2024-08,SUP021,CAT02,239896.76,1,1
TX0000358,2024-08-09,2024-08,SUP035,CAT02,84235.14,1,0
TX0000359,2024-08-25,2024-08,SUP021,CAT02,311585.95,0,1
TX0000360,2024-08-02,2024-08,SUP021,CAT02,402237.32,1,1
TX0000361,2024-08-22,2024-08,SUP021,CAT02,405112.67,1,1
TX0000362,2024-08-26,2024-08,SUP061,CAT02,366944.78,1,1
TX0000363,2024-08-06,2024-08,SUP021,CAT02,355963.91,1,1
TX0000364,2024-08-20,2024-08,SUP025,CAT02,153206.05,1,1
TX0000365,2024-08-09,2024-08,SUP039,CAT03,212214.77,1,1
TX0000366,2024-08-27,2024-08,SUP064,CAT03,224577.04,1,1
TX0000367,2024-08-04,2024-08,SUP019,CAT03,48344.74,1,1
TX0000368,2024-08-12,2024-08,SUP064,CAT03,201250.21,1,1
TX0000369,2024-08-17,2024-08,SUP064,CAT03,168864.61,0,1
TX0000370,2024-08-14,2024-08,SUP047,CAT03,341063.25,1,1
TX0000371,2024-08-10,2024-08,SUP014,CAT03,225385.66,1,1
TX0000372,2024-08-19,2024-08,SUP053,CAT03,505491.54,1,1
TX0000373,2024-08-03,2024-08,SUP047,CAT03,133017.84,1,1
TX0000374,2024-08-05,2024-08,SUP064,CAT03,64721.32,0,0
TX0000375,2024-08-16,2024-08,SUP039,CAT03,496640.69,0,1
TX0000376,2024-08-27,2024-08,SUP014,CAT03,234018.06,1,1
TX0000377,2024-08-09,2024-08,SUP008,CAT03,169633.79,1,1
TX0000378,2024-08-21,2024-08,SUP053,CAT03,85773.26,1,1
TX0000379,2024-08-06,2024-08,SUP073,CAT03,134284.4,1,1
TX0000380,2024-08-01,2024-08,SUP008,CAT03,128580.12,0,1
TX0000381,2024-08-19,2024-08,SUP058,CAT03,61981.67,0,1
TX0000382,2024-08-22,2024-08,SUP064,CAT03,16493.72,0,0
TX0000383,2024-08-16,2024-08,SUP008,CAT03,126110.35,1,1
TX0000384,2024-08-08,2024-08,SUP008,CAT03,300979.66,0,0
TX0000385,2024-08-26,2024-08,SUP053,CAT03,417731.48,1,1
TX0000386,2024-08-13,2024-08,SUP053,CAT03,350229.84,1,1
TX0000387,2024-08-22,2024-08,SUP008,CAT03,364219.75,1,1
TX0000388,2024-08-02,2024-08,SUP064,CAT03,69270.11,0,0
TX0000389,2024-08-17,2024-08,SUP047,CAT03,215171.5,1,1
TX0000390,2024-08-14,2024-08,SUP064,CAT03,261124.49,0,1
TX0000391,2024-08-13,2024-08,SUP064,CAT03,273054.94,1,1
TX0000392,2024-08-22,2024-08,SUP060,CAT03,166731.21,1,1
TX0000393,2024-08-23,2024-08,SUP047,CAT03,196191.97,1,1
TX0000394,2024-08-16,2024-08,SUP071,CAT04,110773.42,1,1
TX0000395,2024-08-08,2024-08,SUP037,CAT04,45987.57,1,1
TX0000396,2024-08-08,2024-08,SUP018,CAT04,337869.75,1,1
TX0000397,2024-08-12,2024-08,SUP012,CAT04,151337.54,1,1
TX0000398,2024-08-14,2024-08,SUP037,CAT04,292264.27,1,1
TX0000399,2024-08-08,2024-08,SUP018,CAT04,44254.13,1,1
TX0000400,2024-08-27,2024-08,SUP049,CAT04,16581.39,1,1
TX0000401,2024-08-07,2024-08,SUP071,CAT04,225091.84,1,1
TX0000402,2024-08-09,2024-08,SUP018,CAT04,74387.14,1,1
TX0000403,2024-08-08,2024-08,SUP049,CAT04,222691.44,1,1
TX0000404,2024-08-09,2024-08,SUP018,CAT04,226307.57,1,1
TX0000405,2024-08-05,2024-08,SUP024,CAT04,205222.01,1,1
TX0000406,2024-08-02,2024-08,SUP071,CAT04,422540.14,1,1
TX0000407,2024-08-11,2024-08,SUP037,CAT04,270231.31,1,1
TX0000408,2024-08-25,2024-08,SUP071,CAT04,667469.28,1,1
TX0000409,2024-08-11,2024-08,SUP018,CAT04,154701.56,1,1
TX0000410,2024-08-08,2024-08,SUP037,CAT04,61259.66,1,1
TX0000411,2024-08-08,2024-08,SUP037,CAT04,117386.76,1,1
TX0000412,2024-08-02,2024-08,SUP037,CAT04,162285.23,0,0
TX0000413,2024-08-07,2024-08,SUP071,CAT04,704750.7,1,0
TX0000414,2024-08-12,2024-08,SUP018,CAT04,214231.81,1,1
TX0000415,2024-08-12,2024-08,SUP071,CAT04,433335.5,1,1
TX0000416,2024-08-18,2024-08,SUP048,CAT05,195584.52,1,1
TX0000417,2024-08-09,2024-08,SUP048,CAT05,39058.31,1,1
TX0000418,2024-08-05,2024-08,SUP078,CAT05,525751.0,1,1
TX0000419,2024-08-21,2024-08,SUP078,CAT05,54076.66,0,0
TX0000420,2024-08-11,2024-08,SUP048,CAT05,173598.49,0,0
TX0000421,2024-08-20,2024-08,SUP077,CAT05,163472.26,0,0
TX0000422,2024-08-16,2024-08,SUP048,CAT05,246122.96,1,1
TX0000423,2024-08-14,2024-08,SUP003,CAT05,53308.3,0,1
TX0000424,2024-08-24,2024-08,SUP078,CAT05,144540.94,1,1
TX0000425,2024-08-26,2024-08,SUP048,CAT05,93402.27,1,1
TX0000426,2024-08-06,2024-08,SUP056,CAT05,246135.58,1,1
TX0000427,2024-08-25,2024-08,SUP056,CAT05,255433.13,1,1
TX0000428,2024-08-06,2024-08,SUP048,CAT05,109358.54,1,0
TX0000429,2024-08-07,2024-08,SUP028,CAT05,389140.49,0,0
TX0000430,2024-08-13,2024-08,SUP048,CAT05,285934.3,1,1
TX0000431,2024-08-06,2024-08,SUP078,CAT05,63406.1,0,1
TX0000432,2024-08-06,2024-08,SUP077,CAT05,33297.17,1,1
TX0000433,2024-08-07,2024-08,SUP048,CAT05,154852.47,0,1
TX0000434,2024-08-21,2024-08,SUP001,CAT05,256366.9,1,1
TX0000435,2024-08-14,2024-08,SUP077,CAT05,92291.56,1,1
TX0000436,2024-08-13,2024-08,SUP028,CAT05,206740.72,1,1
TX0000437,2024-08-08,2024-08,SUP077,CAT05,165728.78,1,1
TX0000438,2024-08-13,2024-08,SUP078,CAT05,557799.85,1,0
TX0000439,2024-08-09,2024-08,SUP056,CAT05,63006.54,1,1
TX0000440,2024-08-23,2024-08,SUP048,CAT05,344021.19,1,1
TX0000441,2024-08-14,2024-08,SUP001,CAT05,329821.9,1,1
TX0000442,2024-08-10,2024-08,SUP001,CAT05,179161.64,1,1
TX0000443,2024-08-26,2024-08,SUP056,CAT05,218256.53,1,1
TX0000444,2024-08-14,2024-08,SUP078,CAT05,53193.47,1,1
TX0000445,2024-08-20,2024-08,SUP048,CAT05,679703.37,1,1
TX0000446,2024-08-14,2024-08,SUP077,CAT05,180685.81,0,1
TX0000447,2024-08-23,2024-08,SUP077,CAT05,672092.23,0,1
TX0000448,2024-08-15,2024-08,SUP069,CAT06,91993.54,0,1
TX0000449,2024-08-19,2024-08,SUP067,CAT06,231339.38,0,1
TX0000450,2024-08-20,2024-08,SUP067,CAT06,127249.05,1,1
TX0000451,2024-08-01,2024-08,SUP050,CAT06,351708.13,1,1
TX0000452,2024-08-10,2024-08,SUP067,CAT06,208852.51,0,1
TX0000453,2024-08-05,2024-08,SUP069,CAT06,215109.72,0,1
TX0000454,2024-08-17,2024-08,SUP020,CAT06,339393.5,1,1
TX0000455,2024-08-23,2024-08,SUP069,CAT06,214240.2,1,1
TX0000456,2024-08-04,2024-08,SUP050,CAT06,122343.91,0,1
TX0000457,2024-08-04,2024-08,SUP069,CAT06,414339.24,1,0
TX0000458,2024-08-01,2024-08,SUP069,CAT06,335853.99,1,1
TX0000459,2024-08-24,2024-08,SUP069,CAT06,249339.89,0,0
TX0000460,2024-08-13,2024-08,SUP068,CAT06,460386.17,0,1
TX0000461,2024-08-23,2024-08,SUP069,CAT06,222325.84,0,0
TX0000462,2024-08-26,2024-08,SUP067,CAT06,285768.46,1,1
TX0000463,2024-08-20,2024-08,SUP069,CAT06,297125.11,0,1
TX0000464,2024-08-15,2024-08,SUP069,CAT06,127892.06,0,0
TX0000465,2024-08-24,2024-08,SUP050,CAT06,1255965.74,1,1
TX0000466,2024-08-04,2024-08,SUP050,CAT06,254101.6,1,1
TX0000467,2024-08-07,2024-08,SUP067,CAT06,160644.51,0,0
TX0000468,2024-08-15,2024-08,SUP050,CAT06,135724.7,1,1
TX0000469,2024-08-15,2024-08,SUP067,CAT06,49447.26,0,0
TX0000470,2024-08-15,2024-08,SUP067,CAT06,42007.51,0,1
TX0000471,2024-09-13,2024-09,SUP022,CAT01,1988164.28,1,1
TX0000472,2024-09-27,2024-09,SUP079,CAT01,734046.56,1,1
TX0000473,2024-09-15,2024-09,SUP075,CAT01,707257.84,1,1
TX0000474,2024-09-18,2024-09,SUP054,CAT01,1032986.08,1,1
TX0000475,2024-09-04,2024-09,SUP006,CAT01,310035.09,1,1
TX0000476,2024-09-02,2024-09,SUP030,CAT01,444434.39,1,1
TX0000477,2024-09-16,2024-09,SUP080,CAT01,1071821.25,1,1
TX0000478,2024-09-04,2024-09,SUP075,CAT01,778617.43,1,1
TX0000479,2024-09-13,2024-09,SUP009,CAT01,759058.65,0,0
TX0000480,2024-09-20,2024-09,SUP022,CAT01,810385.09,0,1
TX0000481,2024-09-03,2024-09,SUP017,CAT01,2801866.48,1,1
TX0000482,2024-09-23,2024-09,SUP010,CAT01,54453.58,1,1
TX0000483,2024-09-13,2024-09,SUP046,CAT01,4320849.33,1,1
TX0000484,2024-09-26,2024-09,SUP017,CAT01,429072.09,1,1
TX0000485,2024-09-24,2024-09,SUP022,CAT01,458681.5,1,1
TX0000486,2024-09-22,2024-09,SUP006,CAT01,654348.65,1,1
TX0000487,2024-09-05,2024-09,SUP022,CAT01,119702.63,1,1
TX0000488,2024-09-06,2024-09,SUP015,CAT01,875152.44,1,1
TX0000489,2024-09-14,2024-09,SUP035,CAT02,202554.89,0,0
TX0000490,2024-09-15,2024-09,SUP035,CAT02,420892.16,1,1
TX0000491,2024-09-10,2024-09,SUP021,CAT02,485881.98,0,1
TX0000492,2024-09-21,2024-09,SUP032,CAT02,66296.49,1,1
TX0000493,2024-09-15,2024-09,SUP025,CAT02,136376.14,0,1
TX0000494,2024-09-14,2024-09,SUP021,CAT02,446261.29,0,0
TX0000495,2024-09-12,2024-09,SUP035,CAT02,553324.86,0,1
TX0000496,2024-09-27,2024-09,SUP025,CAT02,306086.95,1,1
TX0000497,2024-09-14,2024-09,SUP035,CAT02,368659.7,1,1
TX0000498,2024-09-25,2024-09,SUP061,CAT02,690622.8,0,0
TX0000499,2024-09-04,2024-09,SUP035,CAT02,204574.83,1,1
TX0000500,2024-09-14,2024-09,SUP035,CAT02,303637.33,1,1
TX0000501,2024-09-05,2024-09,SUP016,CAT02,600640.09,1,1
TX0000502,2024-09-22,2024-09,SUP021,CAT02,625976.95,1,1
TX0000503,2024-09-14,2024-09,SUP021,CAT02,250432.3,1,1
TX0000504,2024-09-13,2024-09,SUP035,CAT02,140156.93,1,1
TX0000505,2024-09-03,2024-09,SUP052,CAT02,248324.73,1,1
TX0000506,2024-09-12,2024-09,SUP021,CAT02,266799.16,1,1
TX0000507,2024-09-20,2024-09,SUP021,CAT02,135809.03,1,1
TX0000508,2024-09-16,2024-09,SUP025,CAT02,153674.13,1,1
TX0000509,2024-09-07,2024-09,SUP035,CAT02,626560.72,1,1
TX0000510,2024-09-06,2024-09,SUP035,CAT02,380827.91,1,1
TX0000511,2024-09-05,2024-09,SUP035,CAT02,215934.92,0,1
TX0000512,2024-09-18,2024-09,SUP055,CAT02,107327.38,1,1
TX0000513,2024-09-18,2024-09,SUP021,CAT02,155227.09,1,1
TX0000514,2024-09-13,2024-09,SUP035,CAT02,55433.43,0,0
TX0000515,2024-09-20,2024-09,SUP035,CAT02,311961.3,0,1
TX0000516,2024-09-22,2024-09,SUP021,CAT02,148143.55,1,1
TX0000517,2024-09-19,2024-09,SUP055,CAT02,330100.36,0,0
TX0000518,2024-09-25,2024-09,SUP021,CAT02,443110.49,0,1
TX0000519,2024-09-14,2024-09,SUP035,CAT02,333590.13,0,1
TX0000520,2024-09-22,2024-09,SUP036,CAT03,289717.15,1,1
TX0000521,2024-09-04,2024-09,SUP008,CAT03,178073.32,0,1
TX0000522,2024-09-16,2024-09,SUP014,CAT03,56780.05,0,1
TX0000523,2024-09-27,2024-09,SUP047,CAT03,27399.21,1,1
TX0000524,2024-09-21,2024-09,SUP064,CAT03,301724.62,1,1
TX0000525,2024-09-16,2024-09,SUP008,CAT03,142548.59,0,1
TX0000526,2024-09-27,2024-09,SUP008,CAT03,193333.63,1,1
TX0000527,2024-09-15,2024-09,SUP039,CAT03,548100.86,1,1
TX0000528,2024-09-09,2024-09,SUP064,CAT03,293699.85,0,0
TX0000529,2024-09-10,2024-09,SUP019,CAT03,399192.88,1,1
TX0000530,2024-09-21,2024-09,SUP073,CAT03,173793.6,1,1
TX0000531,2024-09-26,2024-09,SUP064,CAT03,254419.86,1,1
TX0000532,2024-09-22,2024-09,SUP019,CAT03,252462.64,1,1
TX0000533,2024-09-23,2024-09,SUP060,CAT03,101681.05,1,1
TX0000534,2024-09-01,2024-09,SUP053,CAT03,333035.5,1,1
TX0000535,2024-09-24,2024-09,SUP047,CAT03,90456.97,1,1
TX0000536,2024-09-19,2024-09,SUP039,CAT03,285604.01,1,1
TX0000537,2024-09-02,2024-09,SUP060,CAT03,221221.14,1,1
TX0000538,2024-09-11,2024-09,SUP060,CAT03,158491.73,1,1
TX0000539,2024-09-23,2024-09,SUP058,CAT03,132867.73,0,1
TX0000540,2024-09-24,2024-09,SUP073,CAT03,70986.63,1,1
TX0000541,2024-09-13,2024-09,SUP040,CAT03,87639.06,1,1
TX0000542,2024-09-22,2024-09,SUP060,CAT03,160628.09,1,1
TX0000543,2024-09-14,2024-09,SUP064,CAT03,101648.69,0,1
TX0000544,2024-09-03,2024-09,SUP014,CAT03,197773.09,1,1
TX0000545,2024-09-07,2024-09,SUP008,CAT03,213256.2,0,0
TX0000546,2024-09-20,2024-09,SUP036,CAT03,124524.74,0,0
TX0000547,2024-09-15,2024-09,SUP064,CAT03,24526.55,0,1
TX0000548,2024-09-16,2024-09,SUP019,CAT03,590525.82,1,1
TX0000549,2024-09-02,2024-09,SUP053,CAT03,28638.29,1,1
TX0000550,2024-09-19,2024-09,SUP008,CAT03,442048.47,0,1
TX0000551,2024-09-22,2024-09,SUP018,CAT04,400566.21,1,1
TX0000552,2024-09-23,2024-09,SUP037,CAT04,138593.83,1,1
TX0000553,2024-09-08,2024-09,SUP018,CAT04,400930.62,1,1
TX0000554,2024-09-09,2024-09,SUP071,CAT04,84582.21,1,1
TX0000555,2024-09-19,2024-09,SUP018,CAT04,105784.92,1,1
TX0000556,2024-09-11,2024-09,SUP018,CAT04,93581.29,1,1
TX0000557,2024-09-16,2024-09,SUP071,CAT04,410372.02,1,1
TX0000558,2024-09-27,2024-09,SUP037,CAT04,56756.54,1,1
TX0000559,2024-09-19,2024-09,SUP012,CAT04,250479.95,1,1
TX0000560,2024-09-05,2024-09,SUP012,CAT04,250326.01,1,1
TX0000561,2024-09-18,2024-09,SUP037,CAT04,321771.24,1,1
TX0000562,2024-09-12,2024-09,SUP024,CAT04,137548.58,1,0
TX0000563,2024-09-17,2024-09,SUP018,CAT04,474768.87,1,1
TX0000564,2024-09-05,2024-09,SUP049,CAT04,328407.3,1,0
TX0000565,2024-09-25,2024-09,SUP018,CAT04,133798.15,1,1
TX0000566,2024-09-08,2024-09,SUP049,CAT04,101581.6,1,1
TX0000567,2024-09-10,2024-09,SUP037,CAT04,168944.31,1,1
TX0000568,2024-09-15,2024-09,SUP018,CAT04,130178.03,1,1
TX0000569,2024-09-24,2024-09,SUP018,CAT04,87649.8,0,1
TX0000570,2024-09-18,2024-09,SUP018,CAT04,198280.22,1,1
TX0000571,2024-09-09,2024-09,SUP018,CAT04,151814.2,1,1
TX0000572,2024-09-21,2024-09,SUP024,CAT04,551106.87,1,1
TX0000573,2024-09-24,2024-09,SUP071,CAT04,130005.77,1,1
TX0000574,2024-09-23,2024-09,SUP071,CAT04,100789.76,0,1
TX0000575,2024-09-27,2024-09,SUP037,CAT04,188715.02,1,1
TX0000576,2024-09-23,2024-09,SUP078,CAT05,131218.75,1,1
TX0000577,2024-09-06,2024-09,SUP048,CAT05,358376.0,1,1
TX0000578,2024-09-19,2024-09,SUP003,CAT05,202454.46,1,1
TX0000579,2024-09-19,2024-09,SUP077,CAT05,90516.31,0,0
TX0000580,2024-09-15,2024-09,SUP001,CAT05,202245.17,0,0
TX0000581,2024-09-21,2024-09,SUP077,CAT05,814002.03,1,1
TX0000582,2024-09-24,2024-09,SUP048,CAT05,695450.7,1,1
TX0000583,2024-09-07,2024-09,SUP078,CAT05,356938.25,1,1
TX0000584,2024-09-04,2024-09,SUP078,CAT05,52626.46,1,1
TX0000585,2024-09-27,2024-09,SUP078,CAT05,266973.81,1,1
TX0000586,2024-09-13,2024-09,SUP001,CAT05,155407.68,1,1
TX0000587,2024-09-17,2024-09,SUP078,CAT05,138878.12,0,0
TX0000588,2024-09-21,2024-09,SUP078,CAT05,374547.95,1,1
TX0000589,2024-09-09,2024-09,SUP048,CAT05,731822.9,0,1
TX0000590,2024-09-05,2024-09,SUP048,CAT05,510145.3,1,0
TX0000591,2024-09-24,2024-09,SUP078,CAT05,163978.35,1,1
TX0000592,2024-09-15,2024-09,SUP048,CAT05,497771.53,1,1
TX0000593,2024-09-08,2024-09,SUP077,CAT05,78210.06,1,1
TX0000594,2024-09-08,2024-09,SUP078,CAT05,68821.29,1,1
TX0000595,2024-09-06,2024-09,SUP001,CAT05,55752.73,0,0
TX0000596,2024-09-18,2024-09,SUP077,CAT05,392705.4,0,1
TX0000597,2024-09-17,2024-09,SUP077,CAT05,537864.09,0,1
TX0000598,2024-09-10,2024-09,SUP048,CAT05,527741.51,1,1
TX0000599,2024-09-08,2024-09,SUP078,CAT05,126042.71,1,1
TX0000600,2024-09-26,2024-09,SUP048,CAT05,25775.09,1,1
TX0000601,2024-09-12,2024-09,SUP069,CAT06,683165.34,0,0
TX0000602,2024-09-11,2024-09,SUP023,CAT06,330261.48,1,1
TX0000603,2024-09-24,2024-09,SUP020,CAT06,61248.1,1,1
TX0000604,2024-09-21,2024-09,SUP023,CAT06,348731.26,0,1
TX0000605,2024-09-07,2024-09,SUP020,CAT06,332786.12,1,1
TX0000606,2024-09-04,2024-09,SUP069,CAT06,435018.73,1,1
TX0000607,2024-09-02,2024-09,SUP069,CAT06,326043.35,1,1
TX0000608,2024-09-10,2024-09,SUP020,CAT06,112350.27,1,1
TX0000609,2024-09-12,2024-09,SUP069,CAT06,270303.03,0,0
TX0000610,2024-09-16,2024-09,SUP069,CAT06,208116.39,1,1
TX0000611,2024-09-10,2024-09,SUP076,CAT06,295065.39,1,1
TX0000612,2024-09-05,2024-09,SUP050,CAT06,528004.4,1,1
TX0000613,2024-09-21,2024-09,SUP050,CAT06,147821.88,1,1
TX0000614,2024-09-02,2024-09,SUP067,CAT06,827322.08,1,1
TX0000615,2024-09-21,2024-09,SUP069,CAT06,347098.75,1,1
TX0000616,2024-09-12,2024-09,SUP069,CAT06,464528.67,1,1
TX0000617,2024-09-24,2024-09,SUP067,CAT06,421881.45,1,1
TX0000618,2024-09-25,2024-09,SUP050,CAT06,337053.31,1,1
TX0000619,2024-10-02,2024-10,SUP017,CAT01,1137338.75,1,1
TX0000620,2024-10-12,2024-10,SUP046,CAT01,2125744.5,1,1
TX0000621,2024-10-02,2024-10,SUP017,CAT01,1565414.45,1,1
TX0000622,2024-10-20,2024-10,SUP080,CAT01,2046952.92,1,1
TX0000623,2024-10-17,2024-10,SUP072,CAT01,463152.16,1,1
TX0000624,2024-10-24,2024-10,SUP029,CAT01,248631.8,1,1
TX0000625,2024-10-14,2024-10,SUP079,CAT01,396005.34,1,1
TX0000626,2024-10-20,2024-10,SUP066,CAT01,386555.13,1,1
TX0000627,2024-10-14,2024-10,SUP017,CAT01,457997.34,1,1
TX0000628,2024-10-13,2024-10,SUP065,CAT01,705653.4,1,1
TX0000629,2024-10-18,2024-10,SUP010,CAT01,700423.07,1,1
TX0000630,2024-10-27,2024-10,SUP046,CAT01,1157887.95,1,1
TX0000631,2024-10-12,2024-10,SUP022,CAT01,566923.18,0,0
TX0000632,2024-10-02,2024-10,SUP004,CAT01,607193.21,1,1
TX0000633,2024-10-19,2024-10,SUP017,CAT01,972894.3,1,1
TX0000634,2024-10-11,2024-10,SUP075,CAT01,2328879.02,1,1
TX0000635,2024-10-01,2024-10,SUP017,CAT01,812610.97,1,1
TX0000636,2024-10-18,2024-10,SUP015,CAT01,1100424.54,1,1
TX0000637,2024-10-08,2024-10,SUP015,CAT01,1240423.37,1,1
TX0000638,2024-10-04,2024-10,SUP022,CAT01,507769.25,1,1
TX0000639,2024-10-24,2024-10,SUP021,CAT02,247155.36,1,1
TX0000640,2024-10-18,2024-10,SUP055,CAT02,1100453.57,1,1
TX0000641,2024-10-22,2024-10,SUP035,CAT02,203656.24,1,1
TX0000642,2024-10-10,2024-10,SUP035,CAT02,142256.41,0,0
TX0000643,2024-10-11,2024-10,SUP055,CAT02,495329.63,1,1
TX0000644,2024-10-02,2024-10,SUP021,CAT02,224990.17,1,0
TX0000645,2024-10-02,2024-10,SUP035,CAT02,257526.03,1,1
TX0000646,2024-10-17,2024-10,SUP021,CAT02,240839.3,0,0
TX0000647,2024-10-08,2024-10,SUP021,CAT02,476532.33,0,1
TX0000648,2024-10-21,2024-10,SUP034,CAT02,108202.91,1,0
TX0000649,2024-10-12,2024-10,SUP025,CAT02,512371.83,1,1
TX0000650,2024-10-24,2024-10,SUP061,CAT02,403945.13,1,1
TX0000651,2024-10-19,2024-10,SUP025,CAT02,871753.09,0,1
TX0000652,2024-10-05,2024-10,SUP044,CAT02,317649.36,1,1
TX0000653,2024-10-01,2024-10,SUP035,CAT02,115694.06,1,1
TX0000654,2024-10-11,2024-10,SUP035,CAT02,320242.25,1,1
TX0000655,2024-10-22,2024-10,SUP059,CAT02,350035.04,1,1
TX0000656,2024-10-02,2024-10,SUP025,CAT02,630473.69,1,1
TX0000657,2024-10-02,2024-10,SUP025,CAT02,115427.75,1,1
TX0000658,2024-10-13,2024-10,SUP021,CAT02,64467.62,1,1
TX0000659,2024-10-21,2024-10,SUP021,CAT02,325207.12,0,0
TX0000660,2024-10-07,2024-10,SUP055,CAT02,896794.58,1,1
TX0000661,2024-10-17,2024-10,SUP035,CAT02,446510.96,1,1
TX0000662,2024-10-18,2024-10,SUP025,CAT02,464822.99,1,1
TX0000663,2024-10-10,2024-10,SUP021,CAT02,81413.9,1,1
TX0000664,2024-10-24,2024-10,SUP035,CAT02,286505.58,0,1
TX0000665,2024-10-25,2024-10,SUP035,CAT02,638559.1,1,1
TX0000666,2024-10-20,2024-10,SUP060,CAT03,538572.96,1,1
TX0000667,2024-10-05,2024-10,SUP014,CAT03,411139.27,1,1
TX0000668,2024-10-27,2024-10,SUP008,CAT03,178981.34,0,1
TX0000669,2024-10-17,2024-10,SUP019,CAT03,165322.19,1,1
TX0000670,2024-10-12,2024-10,SUP036,CAT03,388656.51,1,1
TX0000671,2024-10-10,2024-10,SUP014,CAT03,333326.34,1,1
TX0000672,2024-10-11,2024-10,SUP073,CAT03,245371.05,0,1
TX0000673,2024-10-14,2024-10,SUP014,CAT03,421429.93,1,1
TX0000674,2024-10-12,2024-10,SUP060,CAT03,102957.87,0,1
TX0000675,2024-10-16,2024-10,SUP008,CAT03,133058.92,1,1
TX0000676,2024-10-14,2024-10,SUP073,CAT03,437393.78,1,1
TX0000677,2024-10-22,2024-10,SUP014,CAT03,353762.75,1,1
TX0000678,2024-10-01,2024-10,SUP039,CAT03,286813.49,1,1
TX0000679,2024-10-21,2024-10,SUP047,CAT03,1034562.23,1,1
TX0000680,2024-10-01,2024-10,SUP008,CAT03,489139.87,0,0
TX0000681,2024-10-19,2024-10,SUP060,CAT03,183584.34,1,1
TX0000682,2024-10-23,2024-10,SUP019,CAT03,143842.83,1,1
TX0000683,2024-10-08,2024-10,SUP047,CAT03,366277.4,1,1
TX0000684,2024-10-24,2024-10,SUP047,CAT03,630659.18,1,1
TX0000685,2024-10-05,2024-10,SUP053,CAT03,47691.75,1,1
TX0000686,2024-10-23,2024-10,SUP037,CAT04,348075.03,1,1
TX0000687,2024-10-19,2024-10,SUP071,CAT04,184976.01,1,1
TX0000688,2024-10-05,2024-10,SUP049,CAT04,109397.13,1,1
TX0000689,2024-10-27,2024-10,SUP071,CAT04,406678.34,1,1
TX0000690,2024-10-02,2024-10,SUP018,CAT04,337830.66,1,1
TX0000691,2024-10-24,2024-10,SUP018,CAT04,88730.4,1,1
TX0000692,2024-10-07,2024-10,SUP018,CAT04,152965.79,0,0
TX0000693,2024-10-07,2024-10,SUP018,CAT04,266786.25,1,1
TX0000694,2024-10-11,2024-10,SUP012,CAT04,39852.11,1,1
TX0000695,2024-10-10,2024-10,SUP037,CAT04,266080.1,1,1
TX0000696,2024-10-16,2024-10,SUP037,CAT04,243944.46,1,1
TX0000697,2024-10-26,2024-10,SUP049,CAT04,59054.23,1,1
TX0000698,2024-10-04,2024-10,SUP037,CAT04,572250.07,1,1
TX0000699,2024-10-01,2024-10,SUP012,CAT04,138096.86,1,1
TX0000700,2024-10-25,2024-10,SUP049,CAT04,127443.36,1,1
TX0000701,2024-10-20,2024-10,SUP018,CAT04,360701.34,1,1
TX0000702,2024-10-05,2024-10,SUP071,CAT04,410648.18,1,1
TX0000703,2024-10-27,2024-10,SUP018,CAT04,75945.89,1,1
TX0000704,2024-10-08,2024-10,SUP037,CAT04,170187.33,1,1
TX0000705,2024-10-02,2024-10,SUP071,CAT04,26284.31,1,1
TX0000706,2024-10-14,2024-10,SUP043,CAT04,346598.98,1,1
TX0000707,2024-10-18,2024-10,SUP049,CAT04,186893.12,1,1
TX0000708,2024-10-02,2024-10,SUP049,CAT04,46439.92,1,1
TX0000709,2024-10-27,2024-10,SUP018,CAT04,100037.75,1,1
TX0000710,2024-10-17,2024-10,SUP049,CAT04,69624.74,1,1
TX0000711,2024-10-09,2024-10,SUP071,CAT04,94984.16,1,1
TX0000712,2024-10-16,2024-10,SUP071,CAT04,29506.22,1,1
TX0000713,2024-10-20,2024-10,SUP037,CAT04,483773.92,1,1
TX0000714,2024-10-08,2024-10,SUP048,CAT05,47080.88,1,1
TX0000715,2024-10-21,2024-10,SUP048,CAT05,727730.97,1,1
TX0000716,2024-10-24,2024-10,SUP077,CAT05,260418.32,0,1
TX0000717,2024-10-10,2024-10,SUP048,CAT05,744647.54,1,1
TX0000718,2024-10-11,2024-10,SUP056,CAT05,269488.67,1,1
TX0000719,2024-10-02,2024-10,SUP001,CAT05,417243.05,1,1
TX0000720,2024-10-13,2024-10,SUP078,CAT05,150205.56,1,1
TX0000721,2024-10-25,2024-10,SUP056,CAT05,153463.75,1,1
TX0000722,2024-10-08,2024-10,SUP048,CAT05,249410.17,1,1
TX0000723,2024-10-26,2024-10,SUP028,CAT05,740209.23,0,1
TX0000724,2024-10-12,2024-10,SUP077,CAT05,116982.1,1,1
TX0000725,2024-10-18,2024-10,SUP078,CAT05,34927.28,1,1
TX0000726,2024-10-12,2024-10,SUP001,CAT05,523062.62,0,0
TX0000727,2024-10-26,2024-10,SUP048,CAT05,435421.35,1,1
TX0000728,2024-10-17,2024-10,SUP048,CAT05,182337.07,1,1
TX0000729,2024-10-04,2024-10,SUP077,CAT05,934501.2,0,1
TX0000730,2024-10-15,2024-10,SUP078,CAT05,961148.89,1,1
TX0000731,2024-10-19,2024-10,SUP056,CAT05,43379.82,1,1
TX0000732,2024-10-06,2024-10,SUP048,CAT05,147185.25,1,1
TX0000733,2024-10-06,2024-10,SUP078,CAT05,248027.15,1,1
TX0000734,2024-10-02,2024-10,SUP078,CAT05,345554.58,1,1
TX0000735,2024-10-22,2024-10,SUP048,CAT05,308875.89,1,1
TX0000736,2024-10-13,2024-10,SUP038,CAT06,273331.42,1,1
TX0000737,2024-10-09,2024-10,SUP069,CAT06,171125.29,0,1
TX0000738,2024-10-22,2024-10,SUP033,CAT06,20904.28,0,1
TX0000739,2024-10-11,2024-10,SUP020,CAT06,97136.87,1,1
TX0000740,2024-10-18,2024-10,SUP069,CAT06,395380.63,1,1
TX0000741,2024-10-02,2024-10,SUP069,CAT06,284410.63,1,1
TX0000742,2024-10-04,2024-10,SUP069,CAT06,26644.5,1,1
TX0000743,2024-10-21,2024-10,SUP069,CAT06,125957.51,0,0
TX0000744,2024-10-01,2024-10,SUP050,CAT06,639843.89,1,1
TX0000745,2024-10-08,2024-10,SUP069,CAT06,246569.59,1,1
TX0000746,2024-10-25,2024-10,SUP050,CAT06,349624.72,0,1
TX0000747,2024-10-14,2024-10,SUP067,CAT06,245957.11,1,1
TX0000748,2024-10-09,2024-10,SUP067,CAT06,95977.35,0,1
TX0000749,2024-10-10,2024-10,SUP020,CAT06,575028.91,1,1
TX0000750,2024-10-07,2024-10,SUP067,CAT06,84272.62,0,1
TX0000751,2024-10-23,2024-10,SUP069,CAT06,800009.28,1,1
TX0000752,2024-10-05,2024-10,SUP038,CAT06,485668.06,1,1
TX0000753,2024-10-15,2024-10,SUP069,CAT06,179837.7,0,0
TX0000754,2024-10-10,2024-10,SUP067,CAT06,249090.93,1,1
TX0000755,2024-10-13,2024-10,SUP038,CAT06,91964.11,1,1
TX0000756,2024-10-03,2024-10,SUP069,CAT06,415525.53,0,1
TX0000757,2024-10-06,2024-10,SUP038,CAT06,585215.89,1,1
TX0000758,2024-10-27,2024-10,SUP020,CAT06,144537.98,1,1
TX0000759,2024-10-18,2024-10,SUP069,CAT06,308529.22,1,1
TX0000760,2024-11-19,2024-11,SUP010,CAT01,166614.46,1,1
TX0000761,2024-11-25,2024-11,SUP004,CAT01,1047501.81,1,1
TX0000762,2024-11-12,2024-11,SUP022,CAT01,1165051.33,1,1
TX0000763,2024-11-02,2024-11,SUP066,CAT01,1288766.06,1,1
TX0000764,2024-11-02,2024-11,SUP017,CAT01,136636.57,1,1
TX0000765,2024-11-02,2024-11,SUP010,CAT01,656837.11,1,1
TX0000766,2024-11-13,2024-11,SUP080,CAT01,241088.99,1,1
TX0000767,2024-11-20,2024-11,SUP046,CAT01,1009419.59,1,1
TX0000768,2024-11-05,2024-11,SUP066,CAT01,174179.21,1,1
TX0000769,2024-11-12,2024-11,SUP065,CAT01,315168.86,1,1
TX0000770,2024-11-08,2024-11,SUP046,CAT01,1462842.58,1,1
TX0000771,2024-11-09,2024-11,SUP022,CAT01,541032.97,1,1
TX0000772,2024-11-10,2024-11,SUP017,CAT01,2085716.34,1,1
TX0000773,2024-11-20,2024-11,SUP054,CAT01,1312699.83,0,1
TX0000774,2024-11-20,2024-11,SUP054,CAT01,686815.06,1,1
TX0000775,2024-11-05,2024-11,SUP075,CAT01,1624896.45,1,1
TX0000776,2024-11-14,2024-11,SUP029,CAT01,733662.4,1,1
TX0000777,2024-11-08,2024-11,SUP017,CAT01,1405403.45,1,1
TX0000778,2024-11-04,2024-11,SUP022,CAT01,471520.95,1,1
TX0000779,2024-11-22,2024-11,SUP046,CAT01,1689954.48,1,1
TX0000780,2024-11-21,2024-11,SUP022,CAT01,192554.1,1,1
TX0000781,2024-11-16,2024-11,SUP066,CAT01,314728.24,1,1
TX0000782,2024-11-04,2024-11,SUP029,CAT01,367585.1,1,1
TX0000783,2024-11-13,2024-11,SUP004,CAT01,515084.05,1,1
TX0000784,2024-11-08,2024-11,SUP021,CAT02,691297.16,0,0
TX0000785,2024-11-12,2024-11,SUP016,CAT02,791630.74,1,1
TX0000786,2024-11-25,2024-11,SUP035,CAT02,112355.75,1,1
TX0000787,2024-11-21,2024-11,SUP035,CAT02,514444.76,0,0
TX0000788,2024-11-25,2024-11,SUP025,CAT02,424289.74,1,0
TX0000789,2024-11-02,2024-11,SUP055,CAT02,677525.42,1,1
TX0000790,2024-11-25,2024-11,SUP052,CAT02,495618.21,1,1
TX0000791,2024-11-09,2024-11,SUP016,CAT02,151051.59,1,1
TX0000792,2024-11-25,2024-11,SUP035,CAT02,34585.46,0,1
TX0000793,2024-11-12,2024-11,SUP035,CAT02,141647.83,1,0
TX0000794,2024-11-27,2024-11,SUP035,CAT02,574782.7,0,1
TX0000795,2024-11-09,2024-11,SUP063,CAT02,142960.36,1,1
TX0000796,2024-11-21,2024-11,SUP035,CAT02,1280804.73,1,1
TX0000797,2024-11-12,2024-11,SUP021,CAT02,863330.82,1,1
TX0000798,2024-11-07,2024-11,SUP021,CAT02,177364.96,1,1
TX0000799,2024-11-10,2024-11,SUP052,CAT02,385522.26,1,1
TX0000800,2024-11-26,2024-11,SUP063,CAT02,255786.47,1,1
TX0000801,2024-11-18,2024-11,SUP021,CAT02,494771.55,1,1
TX0000802,2024-11-10,2024-11,SUP021,CAT02,626106.43,0,0
TX0000803,2024-11-27,2024-11,SUP035,CAT02,121728.64,0,1
TX0000804,2024-11-15,2024-11,SUP016,CAT02,591548.02,1,1
TX0000805,2024-11-10,2024-11,SUP016,CAT02,606400.27,1,1
TX0000806,2024-11-20,2024-11,SUP055,CAT02,223966.14,1,0
TX0000807,2024-11-27,2024-11,SUP039,CAT03,89336.55,1,1
TX0000808,2024-11-01,2024-11,SUP064,CAT03,193599.18,1,1
TX0000809,2024-11-20,2024-11,SUP064,CAT03,46947.41,1,1
TX0000810,2024-11-20,2024-11,SUP014,CAT03,288468.59,1,1
TX0000811,2024-11-26,2024-11,SUP008,CAT03,163212.27,1,1
TX0000812,2024-11-21,2024-11,SUP060,CAT03,142975.09,1,1
TX0000813,2024-11-23,2024-11,SUP073,CAT03,212660.77,1,0
TX0000814,2024-11-15,2024-11,SUP064,CAT03,224801.4,1,1
TX0000815,2024-11-23,2024-11,SUP008,CAT03,231743.62,1,1
TX0000816,2024-11-13,2024-11,SUP014,CAT03,173617.51,1,1
TX0000817,2024-11-15,2024-11,SUP008,CAT03,161412.91,1,1
TX0000818,2024-11-22,2024-11,SUP060,CAT03,273600.97,1,1
TX0000819,2024-11-22,2024-11,SUP051,CAT03,248855.9,1,1
TX0000820,2024-11-16,2024-11,SUP047,CAT03,146434.22,1,1
TX0000821,2024-11-08,2024-11,SUP047,CAT03,122712.01,1,0
TX0000822,2024-11-15,2024-11,SUP014,CAT03,248286.34,1,1
TX0000823,2024-11-08,2024-11,SUP053,CAT03,339268.43,1,1
TX0000824,2024-11-22,2024-11,SUP008,CAT03,618221.1,0,0
TX0000825,2024-11-24,2024-11,SUP053,CAT03,86781.1,1,1
TX0000826,2024-11-23,2024-11,SUP053,CAT03,31524.97,1,1
TX0000827,2024-11-09,2024-11,SUP053,CAT03,464500.12,1,1
TX0000828,2024-11-18,2024-11,SUP036,CAT03,84971.94,0,0
TX0000829,2024-11-24,2024-11,SUP060,CAT03,140630.98,1,0
TX0000830,2024-11-17,2024-11,SUP053,CAT03,482312.17,1,1
TX0000831,2024-11-07,2024-11,SUP008,CAT03,721818.64,1,1
TX0000832,2024-11-18,2024-11,SUP014,CAT03,135271.62,1,1
TX0000833,2024-11-18,2024-11,SUP053,CAT03,26785.22,1,1
TX0000834,2024-11-11,2024-11,SUP019,CAT03,406880.83,1,1
TX0000835,2024-11-23,2024-11,SUP008,CAT03,190079.77,1,1
TX0000836,2024-11-15,2024-11,SUP008,CAT03,221968.38,1,1
TX0000837,2024-11-20,2024-11,SUP071,CAT04,291724.64,0,0
TX0000838,2024-11-04,2024-11,SUP071,CAT04,384141.85,1,1
TX0000839,2024-11-20,2024-11,SUP071,CAT04,147856.97,1,1
TX0000840,2024-11-04,2024-11,SUP037,CAT04,167108.48,1,1
TX0000841,2024-11-08,2024-11,SUP018,CAT04,267271.86,1,1
TX0000842,2024-11-04,2024-11,SUP043,CAT04,58755.83,1,0
TX0000843,2024-11-05,2024-11,SUP018,CAT04,176279.87,1,1
TX0000844,2024-11-08,2024-11,SUP018,CAT04,300106.5,1,1
TX0000845,2024-11-21,2024-11,SUP037,CAT04,936426.81,1,1
TX0000846,2024-11-22,2024-11,SUP049,CAT04,132331.75,0,1
TX0000847,2024-11-16,2024-11,SUP071,CAT04,242750.75,1,1
TX0000848,2024-11-03,2024-11,SUP071,CAT04,102457.46,1,1
TX0000849,2024-11-02,2024-11,SUP071,CAT04,106589.47,1,1
TX0000850,2024-11-23,2024-11,SUP071,CAT04,52261.87,1,1
TX0000851,2024-11-18,2024-11,SUP049,CAT04,165643.75,1,1
TX0000852,2024-11-16,2024-11,SUP012,CAT04,294402.94,1,1
TX0000853,2024-11-08,2024-11,SUP049,CAT04,348775.94,1,1
TX0000854,2024-11-05,2024-11,SUP018,CAT04,537245.25,1,1
TX0000855,2024-11-22,2024-11,SUP018,CAT04,201553.7,1,1
TX0000856,2024-11-07,2024-11,SUP018,CAT04,431938.17,1,1
TX0000857,2024-11-12,2024-11,SUP071,CAT04,50491.9,1,1
TX0000858,2024-11-01,2024-11,SUP071,CAT04,166299.7,1,1
TX0000859,2024-11-18,2024-11,SUP071,CAT04,203984.52,1,1
TX0000860,2024-11-23,2024-11,SUP003,CAT05,96246.21,1,1
TX0000861,2024-11-20,2024-11,SUP048,CAT05,481292.0,1,1
TX0000862,2024-11-23,2024-11,SUP048,CAT05,435192.48,1,1
TX0000863,2024-11-12,2024-11,SUP001,CAT05,65848.71,1,1
TX0000864,2024-11-09,2024-11,SUP077,CAT05,6325.53,1,1
TX0000865,2024-11-26,2024-11,SUP031,CAT05,41564.36,1,1
TX0000866,2024-11-08,2024-11,SUP048,CAT05,128304.58,1,1
TX0000867,2024-11-25,2024-11,SUP077,CAT05,1713886.1,0,0
TX0000868,2024-11-01,2024-11,SUP078,CAT05,460206.48,1,1
TX0000869,2024-11-19,2024-11,SUP048,CAT05,166780.77,0,1
TX0000870,2024-11-22,2024-11,SUP048,CAT05,237861.45,1,1
TX0000871,2024-11-12,2024-11,SUP048,CAT05,125348.04,0,0
TX0000872,2024-11-27,2024-11,SUP078,CAT05,68802.73,1,1
TX0000873,2024-11-12,2024-11,SUP048,CAT05,200587.96,1,1
TX0000874,2024-11-19,2024-11,SUP048,CAT05,789111.05,1,1
TX0000875,2024-11-06,2024-11,SUP056,CAT05,932383.84,1,1
TX0000876,2024-11-22,2024-11,SUP048,CAT05,140326.02,1,1
TX0000877,2024-11-17,2024-11,SUP048,CAT05,307540.81,0,1
TX0000878,2024-11-21,2024-11,SUP028,CAT05,386593.81,1,1
TX0000879,2024-11-02,2024-11,SUP077,CAT05,239205.53,1,1
TX0000880,2024-11-27,2024-11,SUP077,CAT05,669963.18,1,1
TX0000881,2024-11-27,2024-11,SUP077,CAT05,203074.38,1,1
TX0000882,2024-11-08,2024-11,SUP078,CAT05,176513.95,1,1
TX0000883,2024-11-02,2024-11,SUP067,CAT06,163553.97,1,1
TX0000884,2024-11-06,2024-11,SUP069,CAT06,896581.15,0,1
TX0000885,2024-11-18,2024-11,SUP038,CAT06,197176.04,1,1
TX0000886,2024-11-06,2024-11,SUP067,CAT06,608791.28,0,0
TX0000887,2024-11-19,2024-11,SUP050,CAT06,550099.05,1,1
TX0000888,2024-11-08,2024-11,SUP069,CAT06,705513.29,1,1
TX0000889,2024-11-22,2024-11,SUP069,CAT06,179452.3,0,0
TX0000890,2024-11-14,2024-11,SUP069,CAT06,119496.98,0,1
TX0000891,2024-11-25,2024-11,SUP020,CAT06,525600.65,0,0
TX0000892,2024-11-26,2024-11,SUP067,CAT06,15287.19,0,0
TX0000893,2024-11-09,2024-11,SUP050,CAT06,192535.78,1,1
TX0000894,2024-11-22,2024-11,SUP069,CAT06,103725.44,0,1
TX0000895,2024-11-26,2024-11,SUP023,CAT06,155123.4,0,1
TX0000896,2024-11-14,2024-11,SUP020,CAT06,113891.34,1,1
TX0000897,2024-11-03,2024-11,SUP069,CAT06,701919.1,0,1
TX0000898,2024-11-19,2024-11,SUP067,CAT06,235876.95,0,1
TX0000899,2024-11-09,2024-11,SUP069,CAT06,125639.53,0,1
TX0000900,2024-11-23,2024-11,SUP020,CAT06,274896.36,0,1
TX0000901,2024-11-02,2024-11,SUP069,CAT06,851832.38,0,1
TX0000902,2024-11-15,2024-11,SUP020,CAT06,202687.81,1,1
TX0000903,2024-12-17,2024-12,SUP017,CAT01,21359.34,1,1
TX0000904,2024-12-04,2024-12,SUP066,CAT01,2572653.74,1,0
TX0000905,2024-12-06,2024-12,SUP017,CAT01,101233.62,1,1
TX0000906,2024-12-15,2024-12,SUP022,CAT01,232125.41,1,1
TX0000907,2024-12-12,2024-12,SUP046,CAT01,849767.59,1,1
TX0000908,2024-12-09,2024-12,SUP066,CAT01,910605.11,1,1
TX0000909,2024-12-06,2024-12,SUP046,CAT01,726193.1,1,1
TX0000910,2024-12-19,2024-12,SUP065,CAT01,263853.81,1,1
TX0000911,2024-12-19,2024-12,SUP015,CAT01,1279176.49,1,1
TX0000912,2024-12-07,2024-12,SUP066,CAT01,518362.18,1,1
TX0000913,2024-12-11,2024-12,SUP017,CAT01,172879.84,1,1
TX0000914,2024-12-09,2024-12,SUP010,CAT01,744078.52,1,1
TX0000915,2024-12-03,2024-12,SUP080,CAT01,588569.31,1,1
TX0000916,2024-12-24,2024-12,SUP015,CAT01,1286742.04,1,1
TX0000917,2024-12-09,2024-12,SUP010,CAT01,593065.69,1,1
TX0000918,2024-12-17,2024-12,SUP046,CAT01,633902.79,1,1
TX0000919,2024-12-23,2024-12,SUP017,CAT01,1056442.72,1,1
TX0000920,2024-12-14,2024-12,SUP010,CAT01,293015.28,1,1
TX0000921,2024-12-13,2024-12,SUP030,CAT01,784882.67,1,1
TX0000922,2024-12-25,2024-12,SUP065,CAT01,342601.0,1,1
TX0000923,2024-12-14,2024-12,SUP066,CAT01,606674.08,1,1
TX0000924,2024-12-03,2024-12,SUP010,CAT01,137268.49,1,1
TX0000925,2024-12-20,2024-12,SUP029,CAT01,362230.1,1,1
TX0000926,2024-12-09,2024-12,SUP066,CAT01,418570.69,1,1
TX0000927,2024-12-20,2024-12,SUP015,CAT01,642487.96,1,1
TX0000928,2024-12-24,2024-12,SUP017,CAT01,1601884.28,1,1
TX0000929,2024-12-20,2024-12,SUP004,CAT01,827907.49,0,0
TX0000930,2024-12-11,2024-12,SUP032,CAT02,364786.72,0,1
TX0000931,2024-12-21,2024-12,SUP021,CAT02,257145.43,0,0
TX0000932,2024-12-14,2024-12,SUP021,CAT02,745438.57,1,1
TX0000933,2024-12-25,2024-12,SUP035,CAT02,230733.22,0,1
TX0000934,2024-12-18,2024-12,SUP035,CAT02,107344.43,1,1
TX0000935,2024-12-26,2024-12,SUP035,CAT02,65228.45,1,1
TX0000936,2024-12-21,2024-12,SUP055,CAT02,261950.82,0,0
TX0000937,2024-12-17,2024-12,SUP021,CAT02,298546.47,0,0
TX0000938,2024-12-21,2024-12,SUP061,CAT02,220070.88,1,1
TX0000939,2024-12-01,2024-12,SUP035,CAT02,486928.68,1,1
TX0000940,2024-12-27,2024-12,SUP021,CAT02,624942.73,0,1
TX0000941,2024-12-11,2024-12,SUP052,CAT02,198496.88,1,1
TX0000942,2024-12-12,2024-12,SUP011,CAT02,47688.66,1,0
TX0000943,2024-12-25,2024-12,SUP035,CAT02,320528.27,1,1
TX0000944,2024-12-08,2024-12,SUP035,CAT02,562308.0,1,1
TX0000945,2024-12-27,2024-12,SUP021,CAT02,199193.69,1,1
TX0000946,2024-12-08,2024-12,SUP052,CAT02,378657.89,1,1
TX0000947,2024-12-03,2024-12,SUP021,CAT02,100369.39,1,1
TX0000948,2024-12-06,2024-12,SUP052,CAT02,314971.18,1,1
TX0000949,2024-12-12,2024-12,SUP016,CAT02,383524.03,1,1
TX0000950,2024-12-14,2024-12,SUP021,CAT02,321359.8,1,0
TX0000951,2024-12-05,2024-12,SUP025,CAT02,875162.46,1,1
TX0000952,2024-12-23,2024-12,SUP052,CAT02,667032.82,1,1
TX0000953,2024-12-07,2024-12,SUP021,CAT02,427314.58,0,1
TX0000954,2024-12-01,2024-12,SUP055,CAT02,527297.98,1,1
TX0000955,2024-12-15,2024-12,SUP021,CAT02,313395.26,0,0
TX0000956,2024-12-16,2024-12,SUP032,CAT02,248741.28,1,1
TX0000957,2024-12-17,2024-12,SUP025,CAT02,182825.52,0,1
TX0000958,2024-12-24,2024-12,SUP021,CAT02,98415.91,1,1
TX0000959,2024-12-08,2024-12,SUP014,CAT03,967380.97,1,1
TX0000960,2024-12-24,2024-12,SUP036,CAT03,344631.64,1,1
TX0000961,2024-12-09,2024-12,SUP064,CAT03,235323.13,1,1
TX0000962,2024-12-11,2024-12,SUP064,CAT03,34766.76,0,0
TX0000963,2024-12-23,2024-12,SUP047,CAT03,200248.1,1,1
TX0000964,2024-12-11,2024-12,SUP040,CAT03,131944.81,1,1
TX0000965,2024-12-12,2024-12,SUP039,CAT03,175047.78,1,1
TX0000966,2024-12-07,2024-12,SUP008,CAT03,157561.38,1,1
TX0000967,2024-12-08,2024-12,SUP064,CAT03,333696.93,0,0
TX0000968,2024-12-21,2024-12,SUP060,CAT03,197025.56,0,1
TX0000969,2024-12-24,2024-12,SUP039,CAT03,107097.64,1,1
TX0000970,2024-12-25,2024-12,SUP019,CAT03,416657.23,0,1
TX0000971,2024-12-17,2024-12,SUP036,CAT03,76721.07,0,1
TX0000972,2024-12-09,2024-12,SUP008,CAT03,227418.77,1,1
TX0000973,2024-12-02,2024-12,SUP053,CAT03,201344.82,1,1
TX0000974,2024-12-03,2024-12,SUP047,CAT03,289270.76,1,1
TX0000975,2024-12-15,2024-12,SUP014,CAT03,481320.48,1,1
TX0000976,2024-12-01,2024-12,SUP053,CAT03,1063066.12,1,1
TX0000977,2024-12-21,2024-12,SUP073,CAT03,235209.11,1,1
TX0000978,2024-12-08,2024-12,SUP008,CAT03,130179.14,1,1
TX0000979,2024-12-24,2024-12,SUP039,CAT03,120026.14,1,1
TX0000980,2024-12-17,2024-12,SUP040,CAT03,119559.91,1,1
TX0000981,2024-12-25,2024-12,SUP008,CAT03,281759.57,0,1
TX0000982,2024-12-10,2024-12,SUP047,CAT03,26342.18,1,1
TX0000983,2024-12-16,2024-12,SUP071,CAT04,319399.36,1,1
TX0000984,2024-12-06,2024-12,SUP037,CAT04,273150.31,1,0
TX0000985,2024-12-13,2024-12,SUP018,CAT04,287575.94,1,1
TX0000986,2024-12-12,2024-12,SUP043,CAT04,153711.93,1,1
TX0000987,2024-12-17,2024-12,SUP037,CAT04,269883.84,1,1
TX0000988,2024-12-06,2024-12,SUP012,CAT04,164419.5,1,1
TX0000989,2024-12-03,2024-12,SUP071,CAT04,509301.52,1,1
TX0000990,2024-12-09,2024-12,SUP049,CAT04,183567.57,1,1
TX0000991,2024-12-13,2024-12,SUP071,CAT04,365985.02,1,1
TX0000992,2024-12-18,2024-12,SUP037,CAT04,154378.15,1,1
TX0000993,2024-12-04,2024-12,SUP049,CAT04,439894.99,1,1
TX0000994,2024-12-10,2024-12,SUP018,CAT04,94151.5,1,1
TX0000995,2024-12-20,2024-12,SUP071,CAT04,249874.76,1,1
TX0000996,2024-12-19,2024-12,SUP037,CAT04,110452.58,1,1
TX0000997,2024-12-03,2024-12,SUP018,CAT04,221801.71,1,1
TX0000998,2024-12-22,2024-12,SUP018,CAT04,118658.82,1,0
TX0000999,2024-12-22,2024-12,SUP049,CAT04,183026.43,1,1
TX0001000,2024-12-17,2024-12,SUP071,CAT04,132951.02,1,1
TX0001001,2024-12-21,2024-12,SUP071,CAT04,292900.82,1,1
TX0001002,2024-12-06,2024-12,SUP049,CAT04,257315.61,1,1
TX0001003,2024-12-24,2024-12,SUP071,CAT04,107255.45,1,1
TX0001004,2024-12-17,2024-12,SUP071,CAT04,104729.61,1,1
TX0001005,2024-12-23,2024-12,SUP037,CAT04,87296.9,1,1
TX0001006,2024-12-09,2024-12,SUP049,CAT04,72960.51,1,1
TX0001007,2024-12-22,2024-12,SUP018,CAT04,306689.49,1,1
TX0001008,2024-12-04,2024-12,SUP078,CAT05,76740.1,1,1
TX0001009,2024-12-02,2024-12,SUP077,CAT05,496493.24,1,1
TX0001010,2024-12-16,2024-12,SUP001,CAT05,498447.57,1,0
TX0001011,2024-12-01,2024-12,SUP078,CAT05,170984.06,1,1
TX0001012,2024-12-15,2024-12,SUP048,CAT05,241223.03,0,1
TX0001013,2024-12-01,2024-12,SUP078,CAT05,302776.13,1,1
TX0001014,2024-12-22,2024-12,SUP078,CAT05,139759.92,0,0
TX0001015,2024-12-10,2024-12,SUP078,CAT05,168483.33,1,1
TX0001016,2024-12-03,2024-12,SUP078,CAT05,290748.34,1,1
TX0001017,2024-12-07,2024-12,SUP048,CAT05,269650.35,1,1
TX0001018,2024-12-08,2024-12,SUP078,CAT05,61420.18,1,1
TX0001019,2024-12-06,2024-12,SUP048,CAT05,517221.18,1,1
TX0001020,2024-12-22,2024-12,SUP077,CAT05,137546.25,0,1
TX0001021,2024-12-20,2024-12,SUP077,CAT05,471597.05,0,0
TX0001022,2024-12-11,2024-12,SUP003,CAT05,110556.1,1,1
TX0001023,2024-12-03,2024-12,SUP001,CAT05,181875.54,1,0
TX0001024,2024-12-09,2024-12,SUP003,CAT05,49236.41,0,1
TX0001025,2024-12-09,2024-12,SUP031,CAT05,682380.67,1,1
TX0001026,2024-12-15,2024-12,SUP048,CAT05,152731.59,0,1
TX0001027,2024-12-10,2024-12,SUP078,CAT05,395359.94,1,1
TX0001028,2024-12-25,2024-12,SUP070,CAT05,175235.46,1,1
TX0001029,2024-12-04,2024-12,SUP078,CAT05,520170.91,1,1
TX0001030,2024-12-02,2024-12,SUP078,CAT05,184180.64,1,1
TX0001031,2024-12-08,2024-12,SUP078,CAT05,514162.51,1,1
TX0001032,2024-12-15,2024-12,SUP056,CAT05,68892.17,1,1
TX0001033,2024-12-26,2024-12,SUP078,CAT05,109189.31,1,1
TX0001034,2024-12-17,2024-12,SUP078,CAT05,111555.53,1,1
TX0001035,2024-12-09,2024-12,SUP078,CAT05,139020.88,1,1
TX0001036,2024-12-13,2024-12,SUP078,CAT05,101522.48,1,1
TX0001037,2024-12-27,2024-12,SUP077,CAT05,124532.16,1,0
TX0001038,2024-12-11,2024-12,SUP077,CAT05,142254.95,0,0
TX0001039,2024-12-22,2024-12,SUP078,CAT05,39918.68,1,1
TX0001040,2024-12-21,2024-12,SUP069,CAT06,678970.62,1,1
TX0001041,2024-12-23,2024-12,SUP020,CAT06,100499.34,1,1
TX0001042,2024-12-10,2024-12,SUP069,CAT06,618563.91,1,1
TX0001043,2024-12-16,2024-12,SUP069,CAT06,79259.92,0,0
TX0001044,2024-12-09,2024-12,SUP050,CAT06,117541.67,1,1
TX0001045,2024-12-07,2024-12,SUP069,CAT06,48269.88,0,1
TX0001046,2024-12-02,2024-12,SUP069,CAT06,41899.39,1,1
TX0001047,2024-12-16,2024-12,SUP068,CAT06,338915.45,1,1
TX0001048,2024-12-18,2024-12,SUP067,CAT06,68995.51,1,1
TX0001049,2024-12-11,2024-12,SUP069,CAT06,137683.54,0,1
TX0001050,2024-12-22,2024-12,SUP076,CAT06,193161.41,0,1
TX0001051,2024-12-22,2024-12,SUP067,CAT06,293036.92,0,0
TX0001052,2024-12-19,2024-12,SUP069,CAT06,190982.18,1,1
TX0001053,2024-12-24,2024-12,SUP069,CAT06,115441.42,1,0
TX0001054,2024-12-17,2024-12,SUP069,CAT06,104705.92,1,1
TX0001055,2024-12-10,2024-12,SUP069,CAT06,154056.89,1,1
TX0001056,2024-12-17,2024-12,SUP038,CAT06,18028.25,1,1
TX0001057,2024-12-15,2024-12,SUP033,CAT06,215971.38,0,0
TX0001058,2024-12-23,2024-12,SUP067,CAT06,371694.44,1,1
TX0001059,2024-12-06,2024-12,SUP067,CAT06,283077.29,0,1
TX0001060,2024-12-06,2024-12,SUP067,CAT06,284443.54,1,1
TX0001061,2024-12-14,2024-12,SUP069,CAT06,534037.75,1,1
TX0001062,2024-12-18,2024-12,SUP069,CAT06,273479.98,1,1
TX0001063,2024-12-22,2024-12,SUP067,CAT06,160201.41,1,1
TX0001064,2024-12-27,2024-12,SUP069,CAT06,258510.09,1,1
TX0001065,2024-12-21,2024-12,SUP038,CAT06,142140.57,1,1
TX0001066,2024-12-17,2024-12,SUP067,CAT06,499068.73,0,1
TX0001067,2024-12-11,2024-12,SUP020,CAT06,230962.6,1,1
TX0001068,2025-01-12,2025-01,SUP022,CAT01,745610.71,1,1
TX0001069,2025-01-10,2025-01,SUP046,CAT01,1327111.06,1,1
TX0001070,2025-01-27,2025-01,SUP066,CAT01,910724.97,1,1
TX0001071,2025-01-14,2025-01,SUP022,CAT01,444907.94,1,1
TX0001072,2025-01-18,2025-01,SUP022,CAT01,563006.09,1,1
TX0001073,2025-01-24,2025-01,SUP022,CAT01,353247.95,1,1
TX0001074,2025-01-20,2025-01,SUP006,CAT01,1057311.22,1,1
TX0001075,2025-01-13,2025-01,SUP066,CAT01,727661.07,1,1
TX0001076,2025-01-16,2025-01,SUP010,CAT01,212525.41,1,1
TX0001077,2025-01-26,2025-01,SUP022,CAT01,1086587.05,1,1
TX0001078,2025-01-08,2025-01,SUP022,CAT01,427676.76,1,1
TX0001079,2025-01-04,2025-01,SUP017,CAT01,872703.89,1,1
TX0001080,2025-01-20,2025-01,SUP022,CAT01,263320.39,1,1
TX0001081,2025-01-25,2025-01,SUP046,CAT01,856124.87,1,1
TX0001082,2025-01-23,2025-01,SUP017,CAT01,184981.68,1,1
TX0001083,2025-01-22,2025-01,SUP015,CAT01,852845.89,1,1
TX0001084,2025-01-24,2025-01,SUP066,CAT01,608185.65,1,1
TX0001085,2025-01-15,2025-01,SUP080,CAT01,138046.99,1,1
TX0001086,2025-01-26,2025-01,SUP022,CAT01,415579.37,1,1
TX0001087,2025-01-26,2025-01,SUP017,CAT01,1094087.44,1,1
TX0001088,2025-01-18,2025-01,SUP005,CAT01,718137.77,1,1
TX0001089,2025-01-26,2025-01,SUP005,CAT01,410320.52,1,1
TX0001090,2025-01-21,2025-01,SUP022,CAT01,647216.96,0,1
TX0001091,2025-01-04,2025-01,SUP072,CAT01,724243.05,1,1
TX0001092,2025-01-04,2025-01,SUP057,CAT01,197875.59,1,1
TX0001093,2025-01-06,2025-01,SUP022,CAT01,1048272.54,0,0
TX0001094,2025-01-18,2025-01,SUP080,CAT01,110238.2,1,1
TX0001095,2025-01-09,2025-01,SUP022,CAT01,551048.93,0,0
TX0001096,2025-01-05,2025-01,SUP017,CAT01,354993.2,1,1
TX0001097,2025-01-09,2025-01,SUP022,CAT01,736473.53,1,1
TX0001098,2025-01-01,2025-01,SUP021,CAT02,73516.06,1,1
TX0001099,2025-01-03,2025-01,SUP021,CAT02,104592.63,0,1
TX0001100,2025-01-14,2025-01,SUP035,CAT02,182515.88,0,1
TX0001101,2025-01-18,2025-01,SUP035,CAT02,85995.4,1,1
TX0001102,2025-01-20,2025-01,SUP021,CAT02,318180.78,0,0
TX0001103,2025-01-04,2025-01,SUP044,CAT02,702651.4,1,1
TX0001104,2025-01-17,2025-01,SUP025,CAT02,769805.78,1,1
TX0001105,2025-01-22,2025-01,SUP032,CAT02,507965.97,0,0
TX0001106,2025-01-14,2025-01,SUP025,CAT02,327073.21,0,0
TX0001107,2025-01-24,2025-01,SUP035,CAT02,86092.26,1,1
TX0001108,2025-01-02,2025-01,SUP035,CAT02,69391.06,1,1
TX0001109,2025-01-04,2025-01,SUP021,CAT02,451271.55,1,1
TX0001110,2025-01-07,2025-01,SUP025,CAT02,101230.17,0,0
TX0001111,2025-01-19,2025-01,SUP055,CAT02,101558.96,1,1
TX0001112,2025-01-03,2025-01,SUP035,CAT02,259622.4,1,1
TX0001113,2025-01-20,2025-01,SUP059,CAT02,705604.72,1,1
TX0001114,2025-01-26,2025-01,SUP035,CAT02,603055.45,1,1
TX0001115,2025-01-13,2025-01,SUP035,CAT02,253921.11,1,1
TX0001116,2025-01-26,2025-01,SUP021,CAT02,518020.65,1,1
TX0001117,2025-01-25,2025-01,SUP035,CAT02,358876.46,0,0
TX0001118,2025-01-09,2025-01,SUP021,CAT02,153048.73,1,1
TX0001119,2025-01-09,2025-01,SUP011,CAT02,144519.38,1,1
TX0001120,2025-01-24,2025-01,SUP021,CAT02,779856.7,0,1
TX0001121,2025-01-24,2025-01,SUP011,CAT02,361627.68,1,1
TX0001122,2025-01-25,2025-01,SUP061,CAT02,58001.88,1,1
TX0001123,2025-01-24,2025-01,SUP063,CAT02,96312.62,1,1
TX0001124,2025-01-25,2025-01,SUP035,CAT02,908494.23,1,1
TX0001125,2025-01-27,2025-01,SUP021,CAT02,127089.12,1,1
TX0001126,2025-01-24,2025-01,SUP055,CAT02,103471.46,1,1
TX0001127,2025-01-04,2025-01,SUP035,CAT02,555436.32,0,0
TX0001128,2025-01-06,2025-01,SUP064,CAT03,415712.46,1,1
TX0001129,2025-01-22,2025-01,SUP008,CAT03,65737.32,0,1
TX0001130,2025-01-05,2025-01,SUP064,CAT03,79937.0,1,1
TX0001131,2025-01-27,2025-01,SUP047,CAT03,133345.63,1,1
TX0001132,2025-01-22,2025-01,SUP053,CAT03,70619.63,1,1
TX0001133,2025-01-21,2025-01,SUP064,CAT03,12793.88,1,1
TX0001134,2025-01-07,2025-01,SUP051,CAT03,476081.65,1,0
TX0001135,2025-01-05,2025-01,SUP008,CAT03,256646.11,0,1
TX0001136,2025-01-08,2025-01,SUP008,CAT03,693847.74,1,1
TX0001137,2025-01-08,2025-01,SUP040,CAT03,113225.1,0,0
TX0001138,2025-01-18,2025-01,SUP064,CAT03,203285.42,0,0
TX0001139,2025-01-19,2025-01,SUP051,CAT03,155238.42,1,1
TX0001140,2025-01-21,2025-01,SUP036,CAT03,303390.83,1,1
TX0001141,2025-01-14,2025-01,SUP008,CAT03,113160.9,0,1
TX0001142,2025-01-03,2025-01,SUP064,CAT03,72373.87,1,1
TX0001143,2025-01-12,2025-01,SUP036,CAT03,132426.39,1,1
TX0001144,2025-01-09,2025-01,SUP053,CAT03,77406.7,1,1
TX0001145,2025-01-09,2025-01,SUP053,CAT03,224999.53,1,1
TX0001146,2025-01-02,2025-01,SUP014,CAT03,294513.8,1,1
TX0001147,2025-01-15,2025-01,SUP008,CAT03,62269.5,1,1
TX0001148,2025-01-06,2025-01,SUP036,CAT03,193654.97,1,1
TX0001149,2025-01-05,2025-01,SUP019,CAT03,519356.59,1,1
TX0001150,2025-01-11,2025-01,SUP053,CAT03,621285.6,1,1
TX0001151,2025-01-22,2025-01,SUP060,CAT03,431311.91,1,1
TX0001152,2025-01-01,2025-01,SUP014,CAT03,20909.61,1,1
TX0001153,2025-01-15,2025-01,SUP047,CAT03,275624.89,1,1
TX0001154,2025-01-16,2025-01,SUP008,CAT03,560044.57,1,1
TX0001155,2025-01-01,2025-01,SUP037,CAT04,195704.58,1,1
TX0001156,2025-01-15,2025-01,SUP071,CAT04,843856.38,1,0
TX0001157,2025-01-17,2025-01,SUP049,CAT04,41978.81,1,1
TX0001158,2025-01-16,2025-01,SUP071,CAT04,60156.25,1,1
TX0001159,2025-01-25,2025-01,SUP037,CAT04,103283.63,0,1
TX0001160,2025-01-22,2025-01,SUP018,CAT04,37678.46,1,1
TX0001161,2025-01-13,2025-01,SUP049,CAT04,179421.92,1,0
TX0001162,2025-01-19,2025-01,SUP037,CAT04,245365.22,1,1
TX0001163,2025-01-07,2025-01,SUP018,CAT04,176450.62,1,1
TX0001164,2025-01-08,2025-01,SUP037,CAT04,158974.2,1,1
TX0001165,2025-01-11,2025-01,SUP049,CAT04,244646.54,1,1
TX0001166,2025-01-08,2025-01,SUP071,CAT04,120419.72,1,1
TX0001167,2025-01-04,2025-01,SUP018,CAT04,96704.34,1,1
TX0001168,2025-01-14,2025-01,SUP071,CAT04,194680.66,1,1
TX0001169,2025-01-19,2025-01,SUP037,CAT04,71163.14,1,1
TX0001170,2025-01-23,2025-01,SUP018,CAT04,95486.24,1,1
TX0001171,2025-01-09,2025-01,SUP018,CAT04,82616.14,1,1
TX0001172,2025-01-06,2025-01,SUP071,CAT04,335361.01,1,1
TX0001173,2025-01-24,2025-01,SUP037,CAT04,90007.7,1,1
TX0001174,2025-01-02,2025-01,SUP037,CAT04,141993.44,1,1
TX0001175,2025-01-09,2025-01,SUP018,CAT04,132488.34,1,1
TX0001176,2025-01-01,2025-01,SUP049,CAT04,350957.66,1,1
TX0001177,2025-01-27,2025-01,SUP071,CAT04,301266.83,1,1
TX0001178,2025-01-02,2025-01,SUP037,CAT04,231244.33,1,1
TX0001179,2025-01-01,2025-01,SUP071,CAT04,306970.48,1,1
TX0001180,2025-01-18,2025-01,SUP018,CAT04,238763.13,1,0
TX0001181,2025-01-13,2025-01,SUP018,CAT04,47988.71,1,1
TX0001182,2025-01-01,2025-01,SUP049,CAT04,61271.42,1,1
TX0001183,2025-01-22,2025-01,SUP049,CAT04,157134.74,1,1
TX0001184,2025-01-09,2025-01,SUP018,CAT04,138632.04,1,1
TX0001185,2025-01-18,2025-01,SUP048,CAT05,183218.92,1,1
TX0001186,2025-01-11,2025-01,SUP048,CAT05,14752.82,0,1
TX0001187,2025-01-02,2025-01,SUP077,CAT05,300313.48,0,1
TX0001188,2025-01-07,2025-01,SUP070,CAT05,859969.82,1,1
TX0001189,2025-01-22,2025-01,SUP077,CAT05,174742.45,0,0
TX0001190,2025-01-11,2025-01,SUP048,CAT05,174711.44,0,0
TX0001191,2025-01-12,2025-01,SUP078,CAT05,738683.38,1,1
TX0001192,2025-01-17,2025-01,SUP056,CAT05,150685.49,0,0
TX0001193,2025-01-21,2025-01,SUP048,CAT05,669815.4,1,1
TX0001194,2025-01-13,2025-01,SUP078,CAT05,257713.51,0,0
TX0001195,2025-01-24,2025-01,SUP077,CAT05,81485.93,0,0
TX0001196,2025-01-15,2025-01,SUP077,CAT05,416966.01,1,1
TX0001197,2025-01-02,2025-01,SUP078,CAT05,215997.57,1,1
TX0001198,2025-01-18,2025-01,SUP003,CAT05,235494.59,1,1
TX0001199,2025-01-26,2025-01,SUP078,CAT05,445810.16,1,1
TX0001200,2025-01-22,2025-01,SUP077,CAT05,221264.85,1,1
TX0001201,2025-01-21,2025-01,SUP048,CAT05,120090.55,1,1
TX0001202,2025-01-05,2025-01,SUP048,CAT05,750648.37,1,1
TX0001203,2025-01-16,2025-01,SUP028,CAT05,585246.65,0,0
TX0001204,2025-01-07,2025-01,SUP078,CAT05,274557.21,1,1
TX0001205,2025-01-01,2025-01,SUP048,CAT05,169260.18,1,1
TX0001206,2025-01-16,2025-01,SUP048,CAT05,29379.68,1,1
TX0001207,2025-01-17,2025-01,SUP077,CAT05,13355.85,1,1
TX0001208,2025-01-12,2025-01,SUP078,CAT05,509294.49,0,1
TX0001209,2025-01-07,2025-01,SUP048,CAT05,82274.52,1,1
TX0001210,2025-01-20,2025-01,SUP020,CAT06,476734.63,1,1
TX0001211,2025-01-27,2025-01,SUP069,CAT06,61637.84,0,0
TX0001212,2025-01-12,2025-01,SUP020,CAT06,261710.06,1,1
TX0001213,2025-01-22,2025-01,SUP067,CAT06,215030.76,0,0
TX0001214,2025-01-07,2025-01,SUP067,CAT06,183243.04,1,1
TX0001215,2025-01-09,2025-01,SUP069,CAT06,403571.62,1,1
TX0001216,2025-01-09,2025-01,SUP038,CAT06,323302.22,1,1
TX0001217,2025-01-21,2025-01,SUP038,CAT06,49200.24,1,1
TX0001218,2025-01-17,2025-01,SUP069,CAT06,334929.94,0,1
TX0001219,2025-01-25,2025-01,SUP069,CAT06,155256.93,1,1
TX0001220,2025-01-03,2025-01,SUP069,CAT06,242963.33,1,1
TX0001221,2025-01-07,2025-01,SUP020,CAT06,176822.68,1,1
TX0001222,2025-01-17,2025-01,SUP050,CAT06,78127.57,0,0
TX0001223,2025-01-08,2025-01,SUP069,CAT06,84838.67,1,1
TX0001224,2025-01-10,2025-01,SUP068,CAT06,67858.65,1,1
TX0001225,2025-01-25,2025-01,SUP068,CAT06,187011.46,1,1
TX0001226,2025-01-11,2025-01,SUP050,CAT06,392478.73,1,1
TX0001227,2025-01-05,2025-01,SUP050,CAT06,441219.94,0,1
TX0001228,2025-01-11,2025-01,SUP069,CAT06,209218.11,0,0
TX0001229,2025-01-06,2025-01,SUP069,CAT06,212027.12,0,1
TX0001230,2025-01-03,2025-01,SUP020,CAT06,152221.6,0,0
TX0001231,2025-01-08,2025-01,SUP069,CAT06,105170.05,0,1
TX0001232,2025-01-11,2025-01,SUP067,CAT06,131048.79,1,1
TX0001233,2025-01-15,2025-01,SUP050,CAT06,223417.37,1,1
TX0001234,2025-01-11,2025-01,SUP067,CAT06,126761.35,0,1
TX0001235,2025-01-12,2025-01,SUP069,CAT06,56670.26,1,1
TX0001236,2025-01-22,2025-01,SUP067,CAT06,212499.31,0,0
TX0001237,2025-01-23,2025-01,SUP067,CAT06,155459.43,1,1
TX0001238,2025-01-25,2025-01,SUP069,CAT06,618351.53,1,1
TX0001239,2025-01-26,2025-01,SUP038,CAT06,60909.02,1,1
TX0001240,2025-01-06,2025-01,SUP069,CAT06,179507.73,1,0
TX0001241,2025-02-07,2025-02,SUP079,CAT01,276767.52,1,1
TX0001242,2025-02-03,2025-02,SUP072,CAT01,99265.7,1,1
TX0001243,2025-02-10,2025-02,SUP015,CAT01,97749.28,1,1
TX0001244,2025-02-21,2025-02,SUP057,CAT01,175749.2,1,1
TX0001245,2025-02-21,2025-02,SUP022,CAT01,1205037.87,1,1
TX0001246,2025-02-03,2025-02,SUP022,CAT01,1201066.71,0,1
TX0001247,2025-02-27,2025-02,SUP010,CAT01,282510.44,1,1
TX0001248,2025-02-27,2025-02,SUP080,CAT01,132304.75,1,1
TX0001249,2025-02-06,2025-02,SUP057,CAT01,366017.73,1,1
TX0001250,2025-02-21,2025-02,SUP017,CAT01,856817.69,1,1
TX0001251,2025-02-12,2025-02,SUP022,CAT01,1040925.26,1,1
TX0001252,2025-02-14,2025-02,SUP022,CAT01,609083.56,1,1
TX0001253,2025-02-24,2025-02,SUP065,CAT01,690881.02,1,1
TX0001254,2025-02-21,2025-02,SUP072,CAT01,642547.54,1,1
TX0001255,2025-02-13,2025-02,SUP017,CAT01,107395.89,1,1
TX0001256,2025-02-05,2025-02,SUP022,CAT01,146229.48,1,1
TX0001257,2025-02-06,2025-02,SUP030,CAT01,1590394.06,1,1
TX0001258,2025-02-12,2025-02,SUP022,CAT01,606939.31,1,1
TX0001259,2025-02-20,2025-02,SUP022,CAT01,55783.81,1,1
TX0001260,2025-02-15,2025-02,SUP009,CAT01,721468.63,1,1
TX0001261,2025-02-23,2025-02,SUP015,CAT01,230336.6,1,1
TX0001262,2025-02-01,2025-02,SUP022,CAT01,1099194.22,1,1
TX0001263,2025-02-02,2025-02,SUP072,CAT01,1019505.98,1,1
TX0001264,2025-02-15,2025-02,SUP022,CAT01,823422.54,0,1
TX0001265,2025-02-15,2025-02,SUP017,CAT01,601747.25,1,1
TX0001266,2025-02-01,2025-02,SUP065,CAT01,1284937.65,1,1
TX0001267,2025-02-05,2025-02,SUP075,CAT01,1374311.15,1,1
TX0001268,2025-02-11,2025-02,SUP022,CAT01,235876.31,1,1
TX0001269,2025-02-15,2025-02,SUP004,CAT01,817031.01,0,1
TX0001270,2025-02-09,2025-02,SUP046,CAT01,322301.82,1,1
TX0001271,2025-02-16,2025-02,SUP055,CAT02,414014.81,1,0
TX0001272,2025-02-16,2025-02,SUP035,CAT02,313040.72,1,1
TX0001273,2025-02-24,2025-02,SUP035,CAT02,535213.51,0,0
TX0001274,2025-02-21,2025-02,SUP035,CAT02,182676.62,0,1
TX0001275,2025-02-06,2025-02,SUP035,CAT02,511131.52,0,0
TX0001276,2025-02-05,2025-02,SUP021,CAT02,1857896.93,0,1
TX0001277,2025-02-25,2025-02,SUP021,CAT02,115139.47,1,1
TX0001278,2025-02-24,2025-02,SUP052,CAT02,861224.82,1,1
TX0001279,2025-02-09,2025-02,SUP061,CAT02,187798.03,0,1
TX0001280,2025-02-22,2025-02,SUP052,CAT02,219869.05,1,1
TX0001281,2025-02-14,2025-02,SUP025,CAT02,674532.16,1,0
TX0001282,2025-02-06,2025-02,SUP021,CAT02,1734259.69,1,0
TX0001283,2025-02-19,2025-02,SUP021,CAT02,363439.03,0,0
TX0001284,2025-02-15,2025-02,SUP052,CAT02,340126.89,1,1
TX0001285,2025-02-07,2025-02,SUP035,CAT02,171418.26,1,1
TX0001286,2025-02-18,2025-02,SUP062,CAT02,603334.89,1,1
TX0001287,2025-02-21,2025-02,SUP025,CAT02,102090.1,1,1
TX0001288,2025-02-10,2025-02,SUP035,CAT02,284227.15,1,1
TX0001289,2025-02-05,2025-02,SUP035,CAT02,435766.33,1,1
TX0001290,2025-02-27,2025-02,SUP008,CAT03,1258021.98,1,1
TX0001291,2025-02-27,2025-02,SUP053,CAT03,541695.32,1,1
TX0001292,2025-02-25,2025-02,SUP036,CAT03,103284.06,0,0
TX0001293,2025-02-21,2025-02,SUP073,CAT03,416702.1,1,1
TX0001294,2025-02-16,2025-02,SUP039,CAT03,338071.31,1,1
TX0001295,2025-02-20,2025-02,SUP008,CAT03,185234.91,0,1
TX0001296,2025-02-13,2025-02,SUP064,CAT03,420123.77,0,0
TX0001297,2025-02-09,2025-02,SUP060,CAT03,101856.65,0,1
TX0001298,2025-02-05,2025-02,SUP053,CAT03,144645.96,1,1
TX0001299,2025-02-07,2025-02,SUP058,CAT03,215639.04,1,1
TX0001300,2025-02-23,2025-02,SUP014,CAT03,178292.65,0,1
TX0001301,2025-02-19,2025-02,SUP053,CAT03,388628.45,1,1
TX0001302,2025-02-14,2025-02,SUP008,CAT03,237256.33,0,0
TX0001303,2025-02-11,2025-02,SUP014,CAT03,163877.61,0,1
TX0001304,2025-02-08,2025-02,SUP064,CAT03,535572.99,1,1
TX0001305,2025-02-17,2025-02,SUP058,CAT03,378263.1,1,1
TX0001306,2025-02-09,2025-02,SUP014,CAT03,65626.21,1,1
TX0001307,2025-02-01,2025-02,SUP008,CAT03,64320.35,0,1
TX0001308,2025-02-16,2025-02,SUP064,CAT03,164848.66,1,1
TX0001309,2025-02-14,2025-02,SUP008,CAT03,74135.79,1,1
TX0001310,2025-02-10,2025-02,SUP014,CAT03,478111.79,1,1
TX0001311,2025-02-13,2025-02,SUP014,CAT03,150590.98,1,1
TX0001312,2025-02-18,2025-02,SUP071,CAT04,111213.24,1,1
TX0001313,2025-02-15,2025-02,SUP071,CAT04,189525.63,1,1
TX0001314,2025-02-05,2025-02,SUP018,CAT04,75195.6,1,1
TX0001315,2025-02-19,2025-02,SUP049,CAT04,46600.93,1,1
TX0001316,2025-02-10,2025-02,SUP037,CAT04,89668.46,1,1
TX0001317,2025-02-17,2025-02,SUP049,CAT04,96624.22,1,1
TX0001318,2025-02-01,2025-02,SUP049,CAT04,152559.77,1,1
TX0001319,2025-02-03,2025-02,SUP071,CAT04,144831.95,1,1
TX0001320,2025-02-20,2025-02,SUP018,CAT04,266679.75,1,1
TX0001321,2025-02-03,2025-02,SUP037,CAT04,232333.93,1,1
TX0001322,2025-02-15,2025-02,SUP071,CAT04,68266.83,1,1
TX0001323,2025-02-08,2025-02,SUP018,CAT04,212849.63,1,1
TX0001324,2025-02-21,2025-02,SUP018,CAT04,254995.42,1,1
TX0001325,2025-02-03,2025-02,SUP071,CAT04,269082.28,0,1
TX0001326,2025-02-04,2025-02,SUP071,CAT04,165133.95,1,1
TX0001327,2025-02-21,2025-02,SUP049,CAT04,158608.4,1,1
TX0001328,2025-02-13,2025-02,SUP071,CAT04,127651.54,1,1
TX0001329,2025-02-02,2025-02,SUP049,CAT04,138005.45,1,1
TX0001330,2025-02-22,2025-02,SUP018,CAT04,401773.36,1,1
TX0001331,2025-02-20,2025-02,SUP049,CAT04,141525.5,1,1
TX0001332,2025-02-20,2025-02,SUP071,CAT04,73095.62,1,1
TX0001333,2025-02-01,2025-02,SUP071,CAT04,167697.69,1,1
TX0001334,2025-02-22,2025-02,SUP018,CAT04,226362.07,1,1
TX0001335,2025-02-06,2025-02,SUP018,CAT04,261500.41,1,1
TX0001336,2025-02-23,2025-02,SUP071,CAT04,55098.74,1,1
TX0001337,2025-02-05,2025-02,SUP018,CAT04,348311.48,1,1
TX0001338,2025-02-11,2025-02,SUP018,CAT04,220474.36,1,1
TX0001339,2025-02-05,2025-02,SUP071,CAT04,335258.97,1,1
TX0001340,2025-02-18,2025-02,SUP037,CAT04,37798.16,1,1
TX0001341,2025-02-03,2025-02,SUP037,CAT04,276107.65,1,0
TX0001342,2025-02-16,2025-02,SUP012,CAT04,52692.77,1,1
TX0001343,2025-02-14,2025-02,SUP018,CAT04,106476.23,0,0
TX0001344,2025-02-23,2025-02,SUP077,CAT05,114714.79,1,1
TX0001345,2025-02-11,2025-02,SUP078,CAT05,103477.88,1,1
TX0001346,2025-02-08,2025-02,SUP048,CAT05,32329.93,1,1
TX0001347,2025-02-01,2025-02,SUP078,CAT05,37957.69,1,1
TX0001348,2025-02-02,2025-02,SUP048,CAT05,41471.79,1,1
TX0001349,2025-02-19,2025-02,SUP031,CAT05,782946.45,1,1
TX0001350,2025-02-22,2025-02,SUP048,CAT05,41281.33,1,1
TX0001351,2025-02-18,2025-02,SUP077,CAT05,112118.1,1,1
TX0001352,2025-02-08,2025-02,SUP078,CAT05,248358.72,1,1
TX0001353,2025-02-17,2025-02,SUP077,CAT05,418193.22,0,1
TX0001354,2025-02-20,2025-02,SUP078,CAT05,448452.88,1,1
TX0001355,2025-02-21,2025-02,SUP077,CAT05,141959.34,1,1
TX0001356,2025-02-16,2025-02,SUP078,CAT05,288340.64,1,1
TX0001357,2025-02-09,2025-02,SUP078,CAT05,242850.57,1,1
TX0001358,2025-02-05,2025-02,SUP056,CAT05,276272.43,1,1
TX0001359,2025-02-22,2025-02,SUP048,CAT05,304167.32,1,1
TX0001360,2025-02-03,2025-02,SUP031,CAT05,365099.36,1,1
TX0001361,2025-02-22,2025-02,SUP077,CAT05,170570.62,1,1
TX0001362,2025-02-08,2025-02,SUP077,CAT05,205177.36,1,1
TX0001363,2025-02-17,2025-02,SUP048,CAT05,1040634.19,1,1
TX0001364,2025-02-26,2025-02,SUP078,CAT05,179226.47,1,1
TX0001365,2025-02-06,2025-02,SUP078,CAT05,292140.62,0,0
TX0001366,2025-02-08,2025-02,SUP048,CAT05,244530.45,1,1
TX0001367,2025-02-01,2025-02,SUP048,CAT05,283732.86,1,1
TX0001368,2025-02-20,2025-02,SUP048,CAT05,553784.49,1,1
TX0001369,2025-02-26,2025-02,SUP056,CAT05,233934.52,1,1
TX0001370,2025-02-01,2025-02,SUP078,CAT05,99492.19,1,1
TX0001371,2025-02-04,2025-02,SUP077,CAT05,168045.43,0,0
TX0001372,2025-02-24,2025-02,SUP003,CAT05,234338.36,0,1
TX0001373,2025-02-23,2025-02,SUP020,CAT06,135816.48,1,1
TX0001374,2025-02-26,2025-02,SUP020,CAT06,399475.04,0,1
TX0001375,2025-02-20,2025-02,SUP069,CAT06,362280.29,0,0
TX0001376,2025-02-24,2025-02,SUP069,CAT06,189898.09,1,1
TX0001377,2025-02-22,2025-02,SUP069,CAT06,1079548.24,1,1
TX0001378,2025-02-20,2025-02,SUP067,CAT06,607131.88,1,1
TX0001379,2025-02-19,2025-02,SUP067,CAT06,409216.17,0,1
TX0001380,2025-02-13,2025-02,SUP069,CAT06,119013.56,0,0
TX0001381,2025-02-05,2025-02,SUP069,CAT06,36494.37,1,0
TX0001382,2025-02-23,2025-02,SUP068,CAT06,533830.2,1,1
TX0001383,2025-02-15,2025-02,SUP069,CAT06,33354.27,0,0
TX0001384,2025-02-09,2025-02,SUP050,CAT06,405922.96,0,0
TX0001385,2025-02-06,2025-02,SUP069,CAT06,223900.26,1,1
TX0001386,2025-02-15,2025-02,SUP020,CAT06,273449.59,1,1
TX0001387,2025-02-10,2025-02,SUP067,CAT06,921829.7,1,1
TX0001388,2025-02-10,2025-02,SUP069,CAT06,225712.06,0,1
TX0001389,2025-02-03,2025-02,SUP038,CAT06,421180.11,0,1
TX0001390,2025-02-08,2025-02,SUP023,CAT06,226746.72,0,0
TX0001391,2025-03-10,2025-03,SUP022,CAT01,813898.44,1,1
TX0001392,2025-03-22,2025-03,SUP054,CAT01,455233.78,0,1
TX0001393,2025-03-17,2025-03,SUP057,CAT01,1282734.46,1,1
TX0001394,2025-03-19,2025-03,SUP057,CAT01,94398.93,1,1
TX0001395,2025-03-07,2025-03,SUP015,CAT01,355817.27,1,1
TX0001396,2025-03-08,2025-03,SUP022,CAT01,731597.07,0,1
TX0001397,2025-03-13,2025-03,SUP066,CAT01,196213.74,1,1
TX0001398,2025-03-19,2025-03,SUP022,CAT01,878358.72,1,1
TX0001399,2025-03-15,2025-03,SUP080,CAT01,1058886.65,0,1
TX0001400,2025-03-05,2025-03,SUP022,CAT01,25970.59,0,1
TX0001401,2025-03-03,2025-03,SUP022,CAT01,1311478.26,1,1
TX0001402,2025-03-01,2025-03,SUP022,CAT01,700675.98,1,1
TX0001403,2025-03-19,2025-03,SUP022,CAT01,322478.03,1,1
TX0001404,2025-03-12,2025-03,SUP066,CAT01,127376.54,1,1
TX0001405,2025-03-04,2025-03,SUP010,CAT01,959849.93,1,1
TX0001406,2025-03-12,2025-03,SUP029,CAT01,167541.08,1,1
TX0001407,2025-03-01,2025-03,SUP046,CAT01,699758.66,1,1
TX0001408,2025-03-02,2025-03,SUP066,CAT01,174351.13,0,1
TX0001409,2025-03-14,2025-03,SUP046,CAT01,489953.52,1,1
TX0001410,2025-03-17,2025-03,SUP079,CAT01,930894.53,1,1
TX0001411,2025-03-11,2025-03,SUP066,CAT01,326064.82,0,0
TX0001412,2025-03-21,2025-03,SUP022,CAT01,1305555.31,0,0
TX0001413,2025-03-17,2025-03,SUP066,CAT01,743619.75,1,1
TX0001414,2025-03-26,2025-03,SUP079,CAT01,196819.83,1,1
TX0001415,2025-03-15,2025-03,SUP017,CAT01,138108.72,1,1
TX0001416,2025-03-08,2025-03,SUP046,CAT01,249802.8,1,1
TX0001417,2025-03-07,2025-03,SUP017,CAT01,472211.31,1,1
TX0001418,2025-03-21,2025-03,SUP046,CAT01,1388485.96,1,0
TX0001419,2025-03-13,2025-03,SUP006,CAT01,1564786.11,1,1
TX0001420,2025-03-26,2025-03,SUP057,CAT01,315739.25,1,1
TX0001421,2025-03-12,2025-03,SUP022,CAT01,307472.15,1,1
TX0001422,2025-03-26,2025-03,SUP025,CAT02,519131.6,0,1
TX0001423,2025-03-09,2025-03,SUP035,CAT02,172907.32,0,0
TX0001424,2025-03-24,2025-03,SUP052,CAT02,167728.17,1,1
TX0001425,2025-03-20,2025-03,SUP021,CAT02,2378598.98,0,0
TX0001426,2025-03-17,2025-03,SUP025,CAT02,280785.15,1,1
TX0001427,2025-03-27,2025-03,SUP035,CAT02,86692.16,1,1
TX0001428,2025-03-25,2025-03,SUP035,CAT02,190205.03,0,0
TX0001429,2025-03-06,2025-03,SUP052,CAT02,767957.15,1,1
TX0001430,2025-03-14,2025-03,SUP021,CAT02,409951.17,1,1
TX0001431,2025-03-05,2025-03,SUP035,CAT02,507620.42,1,1
TX0001432,2025-03-03,2025-03,SUP055,CAT02,296989.09,1,1
TX0001433,2025-03-06,2025-03,SUP025,CAT02,552781.0,0,1
TX0001434,2025-03-05,2025-03,SUP025,CAT02,663001.14,1,1
TX0001435,2025-03-14,2025-03,SUP063,CAT02,181883.28,1,1
TX0001436,2025-03-03,2025-03,SUP021,CAT02,258500.4,0,1
TX0001437,2025-03-12,2025-03,SUP035,CAT02,784966.61,1,1
TX0001438,2025-03-01,2025-03,SUP052,CAT02,493951.34,1,1
TX0001439,2025-03-25,2025-03,SUP021,CAT02,1231949.99,0,1
TX0001440,2025-03-10,2025-03,SUP060,CAT03,481181.76,0,0
TX0001441,2025-03-16,2025-03,SUP060,CAT03,222267.02,0,0
TX0001442,2025-03-18,2025-03,SUP060,CAT03,322516.25,0,0
TX0001443,2025-03-18,2025-03,SUP064,CAT03,260225.99,1,1
TX0001444,2025-03-21,2025-03,SUP008,CAT03,314228.63,0,0
TX0001445,2025-03-14,2025-03,SUP053,CAT03,62470.27,1,1
TX0001446,2025-03-19,2025-03,SUP073,CAT03,210278.06,1,1
TX0001447,2025-03-10,2025-03,SUP051,CAT03,413347.5,1,0
TX0001448,2025-03-22,2025-03,SUP014,CAT03,180613.36,0,0
TX0001449,2025-03-11,2025-03,SUP073,CAT03,107189.23,1,1
TX0001450,2025-03-13,2025-03,SUP014,CAT03,112806.74,0,1
TX0001451,2025-03-01,2025-03,SUP036,CAT03,27307.77,1,1
TX0001452,2025-03-15,2025-03,SUP014,CAT03,325287.46,1,1
TX0001453,2025-03-04,2025-03,SUP039,CAT03,311770.42,1,1
TX0001454,2025-03-20,2025-03,SUP039,CAT03,224840.7,1,1
TX0001455,2025-03-06,2025-03,SUP040,CAT03,446194.82,1,1
TX0001456,2025-03-25,2025-03,SUP064,CAT03,113644.6,0,0
TX0001457,2025-03-08,2025-03,SUP040,CAT03,364194.84,1,1
TX0001458,2025-03-05,2025-03,SUP047,CAT03,200279.19,1,1
TX0001459,2025-03-26,2025-03,SUP064,CAT03,212674.35,0,1
TX0001460,2025-03-04,2025-03,SUP060,CAT03,32775.24,0,1
TX0001461,2025-03-15,2025-03,SUP014,CAT03,449346.16,1,1
TX0001462,2025-03-09,2025-03,SUP008,CAT03,303044.26,1,1
TX0001463,2025-03-07,2025-03,SUP053,CAT03,354341.6,1,1
TX0001464,2025-03-16,2025-03,SUP064,CAT03,99815.18,1,1
TX0001465,2025-03-06,2025-03,SUP047,CAT03,277815.51,1,1
TX0001466,2025-03-10,2025-03,SUP014,CAT03,199943.1,0,0
TX0001467,2025-03-23,2025-03,SUP049,CAT04,207306.62,1,1
TX0001468,2025-03-25,2025-03,SUP049,CAT04,593870.68,1,1
TX0001469,2025-03-26,2025-03,SUP049,CAT04,567585.94,1,1
TX0001470,2025-03-16,2025-03,SUP018,CAT04,392270.64,1,1
TX0001471,2025-03-11,2025-03,SUP049,CAT04,110065.69,1,1
TX0001472,2025-03-15,2025-03,SUP049,CAT04,237586.12,1,0
TX0001473,2025-03-23,2025-03,SUP043,CAT04,377528.14,1,1
TX0001474,2025-03-10,2025-03,SUP018,CAT04,635816.67,1,1
TX0001475,2025-03-05,2025-03,SUP071,CAT04,1036566.12,1,1
TX0001476,2025-03-27,2025-03,SUP018,CAT04,26934.15,1,1
TX0001477,2025-03-02,2025-03,SUP049,CAT04,88246.55,1,1
TX0001478,2025-03-08,2025-03,SUP037,CAT04,235637.14,1,1
TX0001479,2025-03-26,2025-03,SUP018,CAT04,119597.43,1,1
TX0001480,2025-03-25,2025-03,SUP071,CAT04,193153.93,1,1
TX0001481,2025-03-02,2025-03,SUP018,CAT04,216345.87,1,1
TX0001482,2025-03-01,2025-03,SUP071,CAT04,44839.93,1,1
TX0001483,2025-03-17,2025-03,SUP071,CAT04,75850.8,1,1
TX0001484,2025-03-19,2025-03,SUP037,CAT04,366130.92,1,1
TX0001485,2025-03-17,2025-03,SUP077,CAT05,168737.16,0,0
TX0001486,2025-03-23,2025-03,SUP048,CAT05,592155.97,1,1
TX0001487,2025-03-20,2025-03,SUP001,CAT05,154440.64,1,1
TX0001488,2025-03-21,2025-03,SUP056,CAT05,83745.89,1,1
TX0001489,2025-03-14,2025-03,SUP001,CAT05,162905.3,1,1
TX0001490,2025-03-02,2025-03,SUP003,CAT05,280876.94,1,1
TX0001491,2025-03-23,2025-03,SUP077,CAT05,158085.71,0,1
TX0001492,2025-03-12,2025-03,SUP078,CAT05,1158355.27,1,1
TX0001493,2025-03-23,2025-03,SUP048,CAT05,21336.1,1,1
TX0001494,2025-03-18,2025-03,SUP078,CAT05,361052.36,0,1
TX0001495,2025-03-10,2025-03,SUP078,CAT05,118043.08,1,1
TX0001496,2025-03-24,2025-03,SUP078,CAT05,356926.48,0,1
TX0001497,2025-03-20,2025-03,SUP078,CAT05,171246.24,0,0
TX0001498,2025-03-15,2025-03,SUP078,CAT05,389390.53,0,0
TX0001499,2025-03-08,2025-03,SUP048,CAT05,118597.57,0,0
TX0001500,2025-03-16,2025-03,SUP048,CAT05,728781.25,1,1
TX0001501,2025-03-03,2025-03,SUP078,CAT05,69548.76,1,1
TX0001502,2025-03-15,2025-03,SUP077,CAT05,312138.27,1,1
TX0001503,2025-03-16,2025-03,SUP078,CAT05,229289.36,1,0
TX0001504,2025-03-25,2025-03,SUP078,CAT05,351628.05,1,1
TX0001505,2025-03-01,2025-03,SUP048,CAT05,116720.24,0,0
TX0001506,2025-03-02,2025-03,SUP048,CAT05,200254.39,1,1
TX0001507,2025-03-13,2025-03,SUP077,CAT05,1021545.96,1,1
TX0001508,2025-03-10,2025-03,SUP001,CAT05,409665.16,1,1
TX0001509,2025-03-16,2025-03,SUP069,CAT06,555616.19,1,1
TX0001510,2025-03-21,2025-03,SUP069,CAT06,207330.07,0,1
TX0001511,2025-03-12,2025-03,SUP069,CAT06,187265.85,0,1
TX0001512,2025-03-04,2025-03,SUP023,CAT06,445251.73,1,1
TX0001513,2025-03-21,2025-03,SUP069,CAT06,153518.37,0,1
TX0001514,2025-03-14,2025-03,SUP069,CAT06,283895.07,0,1
TX0001515,2025-03-12,2025-03,SUP050,CAT06,377788.41,1,1
TX0001516,2025-03-06,2025-03,SUP020,CAT06,109578.39,1,1
TX0001517,2025-03-23,2025-03,SUP068,CAT06,87533.57,0,1
TX0001518,2025-03-04,2025-03,SUP067,CAT06,254281.02,1,1
TX0001519,2025-03-22,2025-03,SUP069,CAT06,279544.92,1,1
TX0001520,2025-03-01,2025-03,SUP067,CAT06,421401.66,1,1
TX0001521,2025-03-15,2025-03,SUP020,CAT06,98439.79,1,1
TX0001522,2025-03-17,2025-03,SUP050,CAT06,134143.32,1,1
TX0001523,2025-03-14,2025-03,SUP069,CAT06,819072.35,1,1
TX0001524,2025-03-19,2025-03,SUP020,CAT06,491417.14,1,1
TX0001525,2025-03-12,2025-03,SUP069,CAT06,222966.36,0,1
TX0001526,2025-03-11,2025-03,SUP050,CAT06,546453.39,1,1
TX0001527,2025-03-06,2025-03,SUP067,CAT06,98792.91,0,1
TX0001528,2025-03-01,2025-03,SUP067,CAT06,203095.43,1,1
TX0001529,2025-03-26,2025-03,SUP050,CAT06,277761.63,0,0
TX0001530,2025-03-25,2025-03,SUP069,CAT06,184943.04,0,1
TX0001531,2025-03-23,2025-03,SUP069,CAT06,190309.4,1,1
TX0001532,2025-04-19,2025-04,SUP027,CAT01,415124.88,0,0
TX0001533,2025-04-01,2025-04,SUP066,CAT01,642100.34,1,1
TX0001534,2025-04-11,2025-04,SUP046,CAT01,753906.51,1,1
TX0001535,2025-04-14,2025-04,SUP066,CAT01,334117.86,1,1
TX0001536,2025-04-01,2025-04,SUP046,CAT01,614267.09,1,1
TX0001537,2025-04-08,2025-04,SUP072,CAT01,1060831.43,1,1
TX0001538,2025-04-16,2025-04,SUP017,CAT01,1295864.78,1,1
TX0001539,2025-04-22,2025-04,SUP015,CAT01,454002.23,1,1
TX0001540,2025-04-18,2025-04,SUP054,CAT01,480841.41,1,1
TX0001541,2025-04-07,2025-04,SUP022,CAT01,448281.74,1,1
TX0001542,2025-04-10,2025-04,SUP030,CAT01,539536.62,1,0
TX0001543,2025-04-22,2025-04,SUP046,CAT01,731190.94,1,1
TX0001544,2025-04-06,2025-04,SUP027,CAT01,441234.57,1,1
TX0001545,2025-04-04,2025-04,SUP066,CAT01,1246120.79,1,1
TX0001546,2025-04-16,2025-04,SUP017,CAT01,1129433.77,1,1
TX0001547,2025-04-04,2025-04,SUP066,CAT01,383032.81,0,1
TX0001548,2025-04-18,2025-04,SUP009,CAT01,381239.9,1,1
TX0001549,2025-04-17,2025-04,SUP046,CAT01,249045.59,1,1
TX0001550,2025-04-24,2025-04,SUP066,CAT01,560915.28,1,1
TX0001551,2025-04-27,2025-04,SUP017,CAT01,285140.31,1,1
TX0001552,2025-04-10,2025-04,SUP017,CAT01,239327.27,1,1
TX0001553,2025-04-23,2025-04,SUP017,CAT01,552046.36,1,1
TX0001554,2025-04-10,2025-04,SUP029,CAT01,135694.37,1,1
TX0001555,2025-04-27,2025-04,SUP022,CAT01,740118.92,1,1
TX0001556,2025-04-14,2025-04,SUP009,CAT01,568253.16,1,1
TX0001557,2025-04-22,2025-04,SUP066,CAT01,1089882.81,1,1
TX0001558,2025-04-17,2025-04,SUP017,CAT01,460170.35,1,1
TX0001559,2025-04-10,2025-04,SUP022,CAT01,632765.54,1,1
TX0001560,2025-04-20,2025-04,SUP030,CAT01,692420.0,1,1
TX0001561,2025-04-05,2025-04,SUP005,CAT01,879231.24,1,1
TX0001562,2025-04-16,2025-04,SUP006,CAT01,422527.79,0,0
TX0001563,2025-04-09,2025-04,SUP035,CAT02,294742.29,0,1
TX0001564,2025-04-03,2025-04,SUP025,CAT02,366871.01,1,1
TX0001565,2025-04-15,2025-04,SUP062,CAT02,152048.29,1,1
TX0001566,2025-04-05,2025-04,SUP035,CAT02,83464.28,0,0
TX0001567,2025-04-17,2025-04,SUP002,CAT02,396274.62,1,1
TX0001568,2025-04-20,2025-04,SUP011,CAT02,534809.56,1,1
TX0001569,2025-04-04,2025-04,SUP035,CAT02,1433849.81,1,0
TX0001570,2025-04-18,2025-04,SUP025,CAT02,519696.74,0,0
TX0001571,2025-04-05,2025-04,SUP052,CAT02,870359.17,1,1
TX0001572,2025-04-14,2025-04,SUP021,CAT02,603224.16,0,1
TX0001573,2025-04-04,2025-04,SUP011,CAT02,64529.8,1,1
TX0001574,2025-04-24,2025-04,SUP025,CAT02,410990.58,0,1
TX0001575,2025-04-11,2025-04,SUP035,CAT02,662877.88,0,1
TX0001576,2025-04-07,2025-04,SUP062,CAT02,663796.11,0,0
TX0001577,2025-04-22,2025-04,SUP055,CAT02,432566.93,1,1
TX0001578,2025-04-18,2025-04,SUP035,CAT02,580385.03,1,1
TX0001579,2025-04-08,2025-04,SUP042,CAT02,812281.57,1,1
TX0001580,2025-04-10,2025-04,SUP016,CAT02,104311.13,1,1
TX0001581,2025-04-12,2025-04,SUP035,CAT02,813805.05,1,1
TX0001582,2025-04-01,2025-04,SUP061,CAT02,82963.23,1,1
TX0001583,2025-04-12,2025-04,SUP025,CAT02,100152.76,1,1
TX0001584,2025-04-10,2025-04,SUP008,CAT03,558050.31,1,1
TX0001585,2025-04-07,2025-04,SUP064,CAT03,113769.72,1,1
TX0001586,2025-04-05,2025-04,SUP064,CAT03,267902.61,1,1
TX0001587,2025-04-13,2025-04,SUP060,CAT03,229977.31,1,1
TX0001588,2025-04-27,2025-04,SUP064,CAT03,741152.2,1,1
TX0001589,2025-04-17,2025-04,SUP008,CAT03,209932.99,0,0
TX0001590,2025-04-14,2025-04,SUP047,CAT03,137032.14,1,1
TX0001591,2025-04-14,2025-04,SUP019,CAT03,261591.94,1,1
TX0001592,2025-04-27,2025-04,SUP064,CAT03,283251.94,1,1
TX0001593,2025-04-07,2025-04,SUP014,CAT03,1092686.02,1,1
TX0001594,2025-04-01,2025-04,SUP014,CAT03,207139.43,1,1
TX0001595,2025-04-16,2025-04,SUP053,CAT03,68574.57,1,1
TX0001596,2025-04-08,2025-04,SUP008,CAT03,158017.68,0,1
TX0001597,2025-04-02,2025-04,SUP053,CAT03,261149.49,1,1
TX0001598,2025-04-23,2025-04,SUP014,CAT03,297903.5,0,0
TX0001599,2025-04-20,2025-04,SUP053,CAT03,41216.53,1,1
TX0001600,2025-04-12,2025-04,SUP064,CAT03,142450.89,0,1
TX0001601,2025-04-02,2025-04,SUP053,CAT03,712215.16,1,1
TX0001602,2025-04-20,2025-04,SUP014,CAT03,94143.53,0,1
TX0001603,2025-04-08,2025-04,SUP008,CAT03,398407.38,0,1
TX0001604,2025-04-14,2025-04,SUP008,CAT03,162560.58,0,1
TX0001605,2025-04-10,2025-04,SUP008,CAT03,216874.06,1,1
TX0001606,2025-04-01,2025-04,SUP037,CAT04,569576.25,1,1
TX0001607,2025-04-03,2025-04,SUP018,CAT04,38904.6,0,0
TX0001608,2025-04-23,2025-04,SUP024,CAT04,397972.69,1,1
TX0001609,2025-04-25,2025-04,SUP071,CAT04,291853.28,0,1
TX0001610,2025-04-22,2025-04,SUP071,CAT04,107063.23,1,1
TX0001611,2025-04-15,2025-04,SUP037,CAT04,250782.97,1,1
TX0001612,2025-04-01,2025-04,SUP018,CAT04,74187.07,1,1
TX0001613,2025-04-21,2025-04,SUP049,CAT04,178698.41,1,1
TX0001614,2025-04-11,2025-04,SUP071,CAT04,215803.34,1,1
TX0001615,2025-04-18,2025-04,SUP037,CAT04,502405.92,1,1
TX0001616,2025-04-26,2025-04,SUP049,CAT04,171720.67,1,1
TX0001617,2025-04-13,2025-04,SUP071,CAT04,117936.17,1,1
TX0001618,2025-04-21,2025-04,SUP018,CAT04,275808.2,0,1
TX0001619,2025-04-27,2025-04,SUP043,CAT04,323806.79,1,1
TX0001620,2025-04-23,2025-04,SUP049,CAT04,114143.9,1,1
TX0001621,2025-04-13,2025-04,SUP037,CAT04,84085.37,1,1
TX0001622,2025-04-08,2025-04,SUP071,CAT04,91083.76,1,1
TX0001623,2025-04-15,2025-04,SUP049,CAT04,503610.27,1,1
TX0001624,2025-04-19,2025-04,SUP037,CAT04,313665.85,1,1
TX0001625,2025-04-12,2025-04,SUP018,CAT04,162638.53,1,1
TX0001626,2025-04-23,2025-04,SUP049,CAT04,447071.14,1,1
TX0001627,2025-04-21,2025-04,SUP018,CAT04,113362.87,1,1
TX0001628,2025-04-06,2025-04,SUP018,CAT04,200485.4,1,1
TX0001629,2025-04-14,2025-04,SUP048,CAT05,742942.06,1,1
TX0001630,2025-04-17,2025-04,SUP078,CAT05,278966.65,1,1
TX0001631,2025-04-22,2025-04,SUP077,CAT05,104079.7,1,1
TX0001632,2025-04-17,2025-04,SUP077,CAT05,410128.18,1,1
TX0001633,2025-04-08,2025-04,SUP048,CAT05,282867.19,1,1
TX0001634,2025-04-07,2025-04,SUP070,CAT05,358626.83,0,1
TX0001635,2025-04-25,2025-04,SUP001,CAT05,533700.36,0,1
TX0001636,2025-04-01,2025-04,SUP031,CAT05,206943.8,1,1
TX0001637,2025-04-27,2025-04,SUP070,CAT05,180277.47,1,1
TX0001638,2025-04-25,2025-04,SUP048,CAT05,1401421.24,1,1
TX0001639,2025-04-03,2025-04,SUP078,CAT05,414025.35,1,1
TX0001640,2025-04-09,2025-04,SUP056,CAT05,600265.2,1,1
TX0001641,2025-04-22,2025-04,SUP028,CAT05,511977.24,1,1
TX0001642,2025-04-12,2025-04,SUP001,CAT05,605475.57,1,1
TX0001643,2025-04-05,2025-04,SUP078,CAT05,367836.49,1,1
TX0001644,2025-04-04,2025-04,SUP048,CAT05,555251.01,0,0
TX0001645,2025-04-01,2025-04,SUP048,CAT05,160920.0,1,1
TX0001646,2025-04-26,2025-04,SUP056,CAT05,49629.01,0,1
TX0001647,2025-04-04,2025-04,SUP020,CAT06,370883.34,1,1
TX0001648,2025-04-19,2025-04,SUP069,CAT06,82782.8,1,1
TX0001649,2025-04-27,2025-04,SUP067,CAT06,328254.78,0,1
TX0001650,2025-04-10,2025-04,SUP069,CAT06,286459.77,0,0
TX0001651,2025-04-15,2025-04,SUP033,CAT06,541138.82,1,0
TX0001652,2025-04-25,2025-04,SUP067,CAT06,132747.28,1,1
TX0001653,2025-04-23,2025-04,SUP069,CAT06,608287.93,0,1
TX0001654,2025-04-23,2025-04,SUP033,CAT06,457905.67,0,1
TX0001655,2025-04-19,2025-04,SUP020,CAT06,229469.68,1,1
TX0001656,2025-04-25,2025-04,SUP069,CAT06,258973.17,1,1
TX0001657,2025-04-16,2025-04,SUP068,CAT06,16481.8,1,1
TX0001658,2025-04-25,2025-04,SUP069,CAT06,253290.81,1,1
TX0001659,2025-04-13,2025-04,SUP069,CAT06,435545.76,0,0
TX0001660,2025-04-10,2025-04,SUP069,CAT06,201665.67,1,1
TX0001661,2025-04-08,2025-04,SUP020,CAT06,540197.21,1,1
TX0001662,2025-04-12,2025-04,SUP067,CAT06,357126.99,1,1
TX0001663,2025-04-13,2025-04,SUP069,CAT06,939597.36,1,1
TX0001664,2025-04-16,2025-04,SUP067,CAT06,141384.04,1,1
TX0001665,2025-04-15,2025-04,SUP069,CAT06,406069.27,1,1
TX0001666,2025-04-19,2025-04,SUP069,CAT06,67737.84,0,1
TX0001667,2025-05-08,2025-05,SUP022,CAT01,684822.98,1,1
TX0001668,2025-05-03,2025-05,SUP017,CAT01,1497415.79,1,0
TX0001669,2025-05-25,2025-05,SUP046,CAT01,296849.91,1,1
TX0001670,2025-05-24,2025-05,SUP079,CAT01,744168.67,1,1
TX0001671,2025-05-22,2025-05,SUP065,CAT01,287156.84,0,0
TX0001672,2025-05-14,2025-05,SUP022,CAT01,608757.54,1,1
TX0001673,2025-05-23,2025-05,SUP022,CAT01,739889.38,1,1
TX0001674,2025-05-06,2025-05,SUP066,CAT01,1234603.8,1,1
TX0001675,2025-05-23,2025-05,SUP029,CAT01,162817.36,1,1
TX0001676,2025-05-04,2025-05,SUP022,CAT01,707804.12,1,1
TX0001677,2025-05-21,2025-05,SUP046,CAT01,925825.95,1,1
TX0001678,2025-05-15,2025-05,SUP017,CAT01,1030281.31,1,1
TX0001679,2025-05-27,2025-05,SUP006,CAT01,786852.84,0,1
TX0001680,2025-05-24,2025-05,SUP066,CAT01,3163227.32,1,1
TX0001681,2025-05-01,2025-05,SUP041,CAT01,552232.29,1,1
TX0001682,2025-05-24,2025-05,SUP015,CAT01,1236773.36,1,1
TX0001683,2025-05-08,2025-05,SUP017,CAT01,3266945.11,1,1
TX0001684,2025-05-01,2025-05,SUP080,CAT01,1004775.42,1,1
TX0001685,2025-05-24,2025-05,SUP011,CAT02,532806.49,1,1
TX0001686,2025-05-16,2025-05,SUP052,CAT02,39293.06,1,1
TX0001687,2025-05-11,2025-05,SUP035,CAT02,131139.31,0,1
TX0001688,2025-05-21,2025-05,SUP035,CAT02,112461.26,1,1
TX0001689,2025-05-27,2025-05,SUP035,CAT02,412400.07,1,1
TX0001690,2025-05-07,2025-05,SUP052,CAT02,133048.97,0,0
TX0001691,2025-05-02,2025-05,SUP025,CAT02,224393.38,0,1
TX0001692,2025-05-01,2025-05,SUP021,CAT02,439609.28,1,1
TX0001693,2025-05-26,2025-05,SUP025,CAT02,260327.44,0,1
TX0001694,2025-05-27,2025-05,SUP021,CAT02,323397.6,1,1
TX0001695,2025-05-08,2025-05,SUP035,CAT02,217839.23,1,1
TX0001696,2025-05-26,2025-05,SUP021,CAT02,502204.93,0,1
TX0001697,2025-05-04,2025-05,SUP035,CAT02,537779.93,1,1
TX0001698,2025-05-02,2025-05,SUP034,CAT02,369627.15,1,1
TX0001699,2025-05-16,2025-05,SUP052,CAT02,539301.58,1,1
TX0001700,2025-05-07,2025-05,SUP035,CAT02,1235095.3,0,1
TX0001701,2025-05-02,2025-05,SUP061,CAT02,434159.49,1,1
TX0001702,2025-05-19,2025-05,SUP055,CAT02,244385.37,1,1
TX0001703,2025-05-04,2025-05,SUP021,CAT02,329041.63,0,0
TX0001704,2025-05-08,2025-05,SUP035,CAT02,577739.66,1,0
TX0001705,2025-05-16,2025-05,SUP021,CAT02,180305.27,1,1
TX0001706,2025-05-12,2025-05,SUP052,CAT02,168170.53,1,1
TX0001707,2025-05-26,2025-05,SUP035,CAT02,324868.31,0,1
TX0001708,2025-05-17,2025-05,SUP021,CAT02,240837.95,1,1
TX0001709,2025-05-06,2025-05,SUP021,CAT02,111403.82,1,1
TX0001710,2025-05-19,2025-05,SUP025,CAT02,288157.45,1,1
TX0001711,2025-05-24,2025-05,SUP035,CAT02,660912.35,1,1
TX0001712,2025-05-04,2025-05,SUP035,CAT02,360620.54,0,0
TX0001713,2025-05-21,2025-05,SUP011,CAT02,91072.67,1,1
TX0001714,2025-05-27,2025-05,SUP014,CAT03,416323.81,1,1
TX0001715,2025-05-22,2025-05,SUP008,CAT03,98984.97,1,1
TX0001716,2025-05-08,2025-05,SUP053,CAT03,220122.02,1,1
TX0001717,2025-05-26,2025-05,SUP008,CAT03,243568.62,1,1
TX0001718,2025-05-18,2025-05,SUP060,CAT03,370761.21,0,0
TX0001719,2025-05-26,2025-05,SUP064,CAT03,207971.97,0,1
TX0001720,2025-05-27,2025-05,SUP053,CAT03,162890.43,1,1
TX0001721,2025-05-26,2025-05,SUP053,CAT03,344785.68,1,1
TX0001722,2025-05-03,2025-05,SUP053,CAT03,240626.1,1,0
TX0001723,2025-05-26,2025-05,SUP053,CAT03,143725.26,1,1
TX0001724,2025-05-26,2025-05,SUP064,CAT03,429103.86,0,1
TX0001725,2025-05-06,2025-05,SUP073,CAT03,254365.9,0,0
TX0001726,2025-05-14,2025-05,SUP039,CAT03,54964.34,1,1
TX0001727,2025-05-14,2025-05,SUP053,CAT03,482356.65,1,1
TX0001728,2025-05-07,2025-05,SUP060,CAT03,108120.11,1,1
TX0001729,2025-05-24,2025-05,SUP008,CAT03,369496.07,0,1
TX0001730,2025-05-20,2025-05,SUP047,CAT03,42242.02,1,1
TX0001731,2025-05-13,2025-05,SUP053,CAT03,343298.47,1,1
TX0001732,2025-05-24,2025-05,SUP053,CAT03,58396.51,1,1
TX0001733,2025-05-08,2025-05,SUP036,CAT03,203840.72,1,1
TX0001734,2025-05-09,2025-05,SUP019,CAT03,249264.79,1,1
TX0001735,2025-05-04,2025-05,SUP014,CAT03,146216.97,0,1
TX0001736,2025-05-22,2025-05,SUP047,CAT03,178256.74,1,1
TX0001737,2025-05-20,2025-05,SUP064,CAT03,71204.93,1,1
TX0001738,2025-05-16,2025-05,SUP064,CAT03,318713.65,0,0
TX0001739,2025-05-10,2025-05,SUP036,CAT03,212046.34,0,1
TX0001740,2025-05-16,2025-05,SUP014,CAT03,83830.22,0,0
TX0001741,2025-05-02,2025-05,SUP060,CAT03,218102.76,0,0
TX0001742,2025-05-12,2025-05,SUP053,CAT03,223141.06,1,1
TX0001743,2025-05-22,2025-05,SUP047,CAT03,184877.82,1,1
TX0001744,2025-05-24,2025-05,SUP071,CAT04,87221.13,1,1
TX0001745,2025-05-08,2025-05,SUP037,CAT04,172537.9,1,1
TX0001746,2025-05-12,2025-05,SUP037,CAT04,589665.87,1,0
TX0001747,2025-05-12,2025-05,SUP018,CAT04,297249.58,1,1
TX0001748,2025-05-09,2025-05,SUP018,CAT04,306258.55,1,1
TX0001749,2025-05-01,2025-05,SUP037,CAT04,79409.09,1,1
TX0001750,2025-05-07,2025-05,SUP071,CAT04,187510.6,1,1
TX0001751,2025-05-18,2025-05,SUP037,CAT04,531452.59,1,1
TX0001752,2025-05-20,2025-05,SUP024,CAT04,363172.41,1,0
TX0001753,2025-05-14,2025-05,SUP071,CAT04,458081.41,1,1
TX0001754,2025-05-24,2025-05,SUP018,CAT04,273074.58,1,1
TX0001755,2025-05-26,2025-05,SUP018,CAT04,535480.39,1,1
TX0001756,2025-05-11,2025-05,SUP071,CAT04,78882.16,1,1
TX0001757,2025-05-15,2025-05,SUP018,CAT04,237995.2,1,1
TX0001758,2025-05-05,2025-05,SUP037,CAT04,403779.92,1,1
TX0001759,2025-05-25,2025-05,SUP049,CAT04,54485.07,1,1
TX0001760,2025-05-17,2025-05,SUP018,CAT04,11507.66,1,1
TX0001761,2025-05-22,2025-05,SUP018,CAT04,900235.89,1,1
TX0001762,2025-05-15,2025-05,SUP048,CAT05,976821.62,1,1
TX0001763,2025-05-02,2025-05,SUP048,CAT05,186809.41,1,1
TX0001764,2025-05-16,2025-05,SUP048,CAT05,378107.62,1,1
TX0001765,2025-05-10,2025-05,SUP078,CAT05,366970.82,1,1
TX0001766,2025-05-09,2025-05,SUP048,CAT05,298775.37,1,1
TX0001767,2025-05-18,2025-05,SUP078,CAT05,255906.07,1,1
TX0001768,2025-05-07,2025-05,SUP078,CAT05,514088.09,1,1
TX0001769,2025-05-03,2025-05,SUP077,CAT05,83553.46,0,1
TX0001770,2025-05-10,2025-05,SUP001,CAT05,3905.13,1,1
TX0001771,2025-05-04,2025-05,SUP078,CAT05,31836.35,1,1
TX0001772,2025-05-27,2025-05,SUP078,CAT05,66479.95,1,1
TX0001773,2025-05-04,2025-05,SUP078,CAT05,414520.53,1,1
TX0001774,2025-05-09,2025-05,SUP003,CAT05,171875.14,1,1
TX0001775,2025-05-05,2025-05,SUP078,CAT05,642902.18,1,1
TX0001776,2025-05-23,2025-05,SUP078,CAT05,77631.6,1,1
TX0001777,2025-05-21,2025-05,SUP078,CAT05,634121.37,1,1
TX0001778,2025-05-04,2025-05,SUP077,CAT05,102224.27,1,1
TX0001779,2025-05-03,2025-05,SUP070,CAT05,190780.89,1,1
TX0001780,2025-05-13,2025-05,SUP056,CAT05,40088.85,1,1
TX0001781,2025-05-21,2025-05,SUP078,CAT05,577417.05,1,0
TX0001782,2025-05-15,2025-05,SUP078,CAT05,212286.55,1,1
TX0001783,2025-05-20,2025-05,SUP077,CAT05,895538.64,0,1
TX0001784,2025-05-18,2025-05,SUP048,CAT05,485574.22,1,1
TX0001785,2025-05-04,2025-05,SUP001,CAT05,186984.82,1,1
TX0001786,2025-05-14,2025-05,SUP069,CAT06,156992.02,1,1
TX0001787,2025-05-06,2025-05,SUP069,CAT06,73833.1,0,1
TX0001788,2025-05-10,2025-05,SUP069,CAT06,592159.73,0,1
TX0001789,2025-05-25,2025-05,SUP069,CAT06,223665.5,0,0
TX0001790,2025-05-17,2025-05,SUP069,CAT06,287193.67,0,1
TX0001791,2025-05-16,2025-05,SUP067,CAT06,40158.35,1,1
TX0001792,2025-05-01,2025-05,SUP074,CAT06,267885.18,1,1
TX0001793,2025-05-13,2025-05,SUP069,CAT06,523439.27,1,1
TX0001794,2025-05-17,2025-05,SUP069,CAT06,150371.52,1,1
TX0001795,2025-05-23,2025-05,SUP069,CAT06,193290.34,1,1
TX0001796,2025-05-14,2025-05,SUP067,CAT06,221940.27,0,1
TX0001797,2025-05-03,2025-05,SUP050,CAT06,213394.11,1,0
TX0001798,2025-05-02,2025-05,SUP069,CAT06,123618.39,1,1
TX0001799,2025-05-20,2025-05,SUP020,CAT06,86816.11,1,1
TX0001800,2025-05-05,2025-05,SUP050,CAT06,246459.21,1,1
TX0001801,2025-05-24,2025-05,SUP067,CAT06,85518.18,1,1
TX0001802,2025-05-23,2025-05,SUP067,CAT06,498715.31,1,1
TX0001803,2025-05-19,2025-05,SUP067,CAT06,185470.3,1,1
TX0001804,2025-05-25,2025-05,SUP038,CAT06,391306.22,1,1
TX0001805,2025-05-06,2025-05,SUP020,CAT06,386676.15,1,1
TX0001806,2025-05-05,2025-05,SUP045,CAT06,84263.99,1,1
TX0001807,2025-05-23,2025-05,SUP050,CAT06,329935.47,0,1
TX0001808,2025-05-02,2025-05,SUP020,CAT06,463534.22,0,1
TX0001809,2025-05-09,2025-05,SUP069,CAT06,460099.45,0,1
TX0001810,2025-05-18,2025-05,SUP050,CAT06,80199.04,1,1
TX0001811,2025-05-22,2025-05,SUP050,CAT06,314664.9,1,1
TX0001812,2025-06-18,2025-06,SUP006,CAT01,1029922.58,1,1
TX0001813,2025-06-26,2025-06,SUP066,CAT01,635067.58,1,1
TX0001814,2025-06-23,2025-06,SUP010,CAT01,399597.0,1,1
TX0001815,2025-06-07,2025-06,SUP005,CAT01,169283.18,1,1
TX0001816,2025-06-19,2025-06,SUP054,CAT01,221267.6,1,1
TX0001817,2025-06-12,2025-06,SUP066,CAT01,2254282.9,1,1
TX0001818,2025-06-24,2025-06,SUP022,CAT01,614310.06,0,0
TX0001819,2025-06-12,2025-06,SUP026,CAT01,1041446.9,1,1
TX0001820,2025-06-19,2025-06,SUP022,CAT01,681128.97,0,1
TX0001821,2025-06-10,2025-06,SUP017,CAT01,2292140.98,1,1
TX0001822,2025-06-21,2025-06,SUP065,CAT01,401325.83,1,1
TX0001823,2025-06-05,2025-06,SUP066,CAT01,834318.87,1,1
TX0001824,2025-06-13,2025-06,SUP017,CAT01,525926.0,1,1
TX0001825,2025-06-17,2025-06,SUP017,CAT01,1607018.22,1,1
TX0001826,2025-06-03,2025-06,SUP017,CAT01,1033294.72,1,1
TX0001827,2025-06-26,2025-06,SUP005,CAT01,810982.47,1,1
TX0001828,2025-06-19,2025-06,SUP017,CAT01,252588.96,1,1
TX0001829,2025-06-01,2025-06,SUP004,CAT01,2989333.41,1,1
TX0001830,2025-06-27,2025-06,SUP066,CAT01,696904.15,1,1
TX0001831,2025-06-01,2025-06,SUP017,CAT01,343460.78,0,1
TX0001832,2025-06-20,2025-06,SUP046,CAT01,170132.18,1,1
TX0001833,2025-06-08,2025-06,SUP021,CAT02,145381.33,0,0
TX0001834,2025-06-14,2025-06,SUP035,CAT02,395904.12,0,1
TX0001835,2025-06-05,2025-06,SUP025,CAT02,95119.47,1,1
TX0001836,2025-06-27,2025-06,SUP021,CAT02,279628.05,0,1
TX0001837,2025-06-22,2025-06,SUP062,CAT02,30850.82,1,1
TX0001838,2025-06-12,2025-06,SUP035,CAT02,112311.96,1,1
TX0001839,2025-06-25,2025-06,SUP035,CAT02,175718.66,0,1
TX0001840,2025-06-08,2025-06,SUP052,CAT02,774688.96,1,1
TX0001841,2025-06-05,2025-06,SUP035,CAT02,764443.21,0,1
TX0001842,2025-06-23,2025-06,SUP025,CAT02,474968.55,1,1
TX0001843,2025-06-22,2025-06,SUP021,CAT02,274368.62,0,1
TX0001844,2025-06-03,2025-06,SUP021,CAT02,808167.94,1,1
TX0001845,2025-06-18,2025-06,SUP025,CAT02,432483.59,1,1
TX0001846,2025-06-03,2025-06,SUP032,CAT02,777180.98,1,1
TX0001847,2025-06-13,2025-06,SUP035,CAT02,491298.42,0,0
TX0001848,2025-06-04,2025-06,SUP025,CAT02,62215.2,1,1
TX0001849,2025-06-25,2025-06,SUP035,CAT02,24521.28,1,1
TX0001850,2025-06-22,2025-06,SUP052,CAT02,251762.48,1,1
TX0001851,2025-06-06,2025-06,SUP063,CAT02,662447.01,1,1
TX0001852,2025-06-09,2025-06,SUP025,CAT02,221263.35,1,0
TX0001853,2025-06-17,2025-06,SUP055,CAT02,917423.52,1,1
TX0001854,2025-06-19,2025-06,SUP035,CAT02,620444.5,1,1
TX0001855,2025-06-20,2025-06,SUP016,CAT02,862486.19,1,1
TX0001856,2025-06-14,2025-06,SUP025,CAT02,257720.88,0,0
TX0001857,2025-06-11,2025-06,SUP021,CAT02,148000.89,0,0
TX0001858,2025-06-27,2025-06,SUP047,CAT03,469032.52,1,1
TX0001859,2025-06-19,2025-06,SUP060,CAT03,17973.01,0,1
TX0001860,2025-06-08,2025-06,SUP060,CAT03,422921.44,0,1
TX0001861,2025-06-27,2025-06,SUP036,CAT03,597007.17,1,1
TX0001862,2025-06-04,2025-06,SUP060,CAT03,323019.49,0,0
TX0001863,2025-06-22,2025-06,SUP014,CAT03,311379.06,1,1
TX0001864,2025-06-23,2025-06,SUP047,CAT03,96986.66,1,1
TX0001865,2025-06-27,2025-06,SUP008,CAT03,111327.96,1,1
TX0001866,2025-06-05,2025-06,SUP039,CAT03,157245.16,1,1
TX0001867,2025-06-05,2025-06,SUP047,CAT03,59271.06,1,1
TX0001868,2025-06-20,2025-06,SUP008,CAT03,103808.94,0,1
TX0001869,2025-06-17,2025-06,SUP039,CAT03,240435.08,1,1
TX0001870,2025-06-09,2025-06,SUP053,CAT03,149134.66,1,0
TX0001871,2025-06-10,2025-06,SUP053,CAT03,257087.95,1,1
TX0001872,2025-06-13,2025-06,SUP008,CAT03,467806.06,1,1
TX0001873,2025-06-02,2025-06,SUP008,CAT03,255556.18,1,1
TX0001874,2025-06-01,2025-06,SUP036,CAT03,313975.2,1,1
TX0001875,2025-06-21,2025-06,SUP064,CAT03,41875.62,1,1
TX0001876,2025-06-12,2025-06,SUP064,CAT03,461959.5,1,1
TX0001877,2025-06-10,2025-06,SUP019,CAT03,40555.94,1,1
TX0001878,2025-06-19,2025-06,SUP053,CAT03,140226.3,1,1
TX0001879,2025-06-10,2025-06,SUP051,CAT03,78246.73,1,1
TX0001880,2025-06-26,2025-06,SUP073,CAT03,26746.3,1,1
TX0001881,2025-06-16,2025-06,SUP008,CAT03,245365.85,0,0
TX0001882,2025-06-18,2025-06,SUP047,CAT03,334319.87,1,1
TX0001883,2025-06-09,2025-06,SUP053,CAT03,607610.44,1,1
TX0001884,2025-06-26,2025-06,SUP019,CAT03,273119.25,1,1
TX0001885,2025-06-18,2025-06,SUP008,CAT03,103206.59,1,1
TX0001886,2025-06-20,2025-06,SUP049,CAT04,215163.73,1,1
TX0001887,2025-06-19,2025-06,SUP037,CAT04,135664.8,1,1
TX0001888,2025-06-12,2025-06,SUP071,CAT04,111629.98,1,1
TX0001889,2025-06-06,2025-06,SUP018,CAT04,64272.2,1,1
TX0001890,2025-06-17,2025-06,SUP018,CAT04,156098.57,1,1
TX0001891,2025-06-05,2025-06,SUP018,CAT04,337094.05,1,1
TX0001892,2025-06-23,2025-06,SUP049,CAT04,37934.17,1,1
TX0001893,2025-06-15,2025-06,SUP049,CAT04,272334.0,0,0
TX0001894,2025-06-22,2025-06,SUP012,CAT04,233062.15,1,0
TX0001895,2025-06-27,2025-06,SUP037,CAT04,131158.68,1,1
TX0001896,2025-06-19,2025-06,SUP037,CAT04,173077.6,1,1
TX0001897,2025-06-22,2025-06,SUP071,CAT04,172620.99,1,1
TX0001898,2025-06-11,2025-06,SUP018,CAT04,87139.6,1,1
TX0001899,2025-06-08,2025-06,SUP018,CAT04,145461.47,1,1
TX0001900,2025-06-17,2025-06,SUP049,CAT04,29524.84,1,1
TX0001901,2025-06-05,2025-06,SUP049,CAT04,70839.15,1,1
TX0001902,2025-06-25,2025-06,SUP071,CAT04,61406.7,0,1
TX0001903,2025-06-18,2025-06,SUP049,CAT04,186614.86,1,1
TX0001904,2025-06-13,2025-06,SUP071,CAT04,34528.03,1,1
TX0001905,2025-06-11,2025-06,SUP024,CAT04,155056.48,1,1
TX0001906,2025-06-04,2025-06,SUP037,CAT04,111622.43,1,1
TX0001907,2025-06-25,2025-06,SUP071,CAT04,175656.71,1,1
TX0001908,2025-06-12,2025-06,SUP018,CAT04,142815.66,1,0
TX0001909,2025-06-16,2025-06,SUP071,CAT04,469258.73,1,1
TX0001910,2025-06-21,2025-06,SUP012,CAT04,119758.91,1,1
TX0001911,2025-06-11,2025-06,SUP037,CAT04,73362.62,1,1
TX0001912,2025-06-05,2025-06,SUP018,CAT04,102353.41,1,1
TX0001913,2025-06-26,2025-06,SUP049,CAT04,141686.43,1,1
TX0001914,2025-06-20,2025-06,SUP071,CAT04,314737.79,1,1
TX0001915,2025-06-20,2025-06,SUP018,CAT04,162389.85,1,1
TX0001916,2025-06-07,2025-06,SUP018,CAT04,51673.22,1,1
TX0001917,2025-06-05,2025-06,SUP037,CAT04,913335.51,1,1
TX0001918,2025-06-13,2025-06,SUP003,CAT05,678688.49,1,1
TX0001919,2025-06-14,2025-06,SUP078,CAT05,496844.72,1,1
TX0001920,2025-06-19,2025-06,SUP078,CAT05,254863.68,1,1
TX0001921,2025-06-22,2025-06,SUP077,CAT05,154488.14,0,1
TX0001922,2025-06-12,2025-06,SUP048,CAT05,615914.21,1,1
TX0001923,2025-06-17,2025-06,SUP048,CAT05,203963.61,1,1
TX0001924,2025-06-16,2025-06,SUP056,CAT05,633028.15,1,1
TX0001925,2025-06-04,2025-06,SUP048,CAT05,393558.61,1,1
TX0001926,2025-06-06,2025-06,SUP001,CAT05,1725563.6,0,0
TX0001927,2025-06-10,2025-06,SUP077,CAT05,605374.16,0,1
TX0001928,2025-06-02,2025-06,SUP077,CAT05,241935.6,1,1
TX0001929,2025-06-20,2025-06,SUP078,CAT05,54233.67,1,1
TX0001930,2025-06-16,2025-06,SUP056,CAT05,136570.68,1,1
TX0001931,2025-06-05,2025-06,SUP048,CAT05,245225.83,0,1
TX0001932,2025-06-20,2025-06,SUP070,CAT05,432507.35,1,1
TX0001933,2025-06-05,2025-06,SUP048,CAT05,326152.69,1,1
TX0001934,2025-06-17,2025-06,SUP077,CAT05,115062.02,0,0
TX0001935,2025-06-12,2025-06,SUP078,CAT05,255284.01,0,1
TX0001936,2025-06-08,2025-06,SUP048,CAT05,255807.43,1,1
TX0001937,2025-06-02,2025-06,SUP067,CAT06,68639.44,1,1
TX0001938,2025-06-24,2025-06,SUP020,CAT06,144469.98,1,1
TX0001939,2025-06-18,2025-06,SUP067,CAT06,184782.01,1,1
TX0001940,2025-06-26,2025-06,SUP069,CAT06,40885.2,0,0
TX0001941,2025-06-14,2025-06,SUP038,CAT06,183937.88,1,1
TX0001942,2025-06-05,2025-06,SUP067,CAT06,133697.87,1,1
TX0001943,2025-06-16,2025-06,SUP020,CAT06,950688.66,1,1
TX0001944,2025-06-03,2025-06,SUP069,CAT06,174008.5,1,1
TX0001945,2025-06-19,2025-06,SUP069,CAT06,497586.33,1,1
TX0001946,2025-06-07,2025-06,SUP067,CAT06,251086.08,0,0
TX0001947,2025-06-10,2025-06,SUP069,CAT06,157840.96,0,0
TX0001948,2025-06-17,2025-06,SUP020,CAT06,448152.72,0,1
TX0001949,2025-06-01,2025-06,SUP069,CAT06,59292.33,0,1
TX0001950,2025-06-09,2025-06,SUP069,CAT06,120733.94,1,1
TX0001951,2025-06-02,2025-06,SUP020,CAT06,330875.71,1,1
TX0001952,2025-06-19,2025-06,SUP069,CAT06,14875.72,0,1
TX0001953,2025-06-14,2025-06,SUP020,CAT06,169522.9,1,1
TX0001954,2025-06-10,2025-06,SUP069,CAT06,168384.77,0,0
TX0001955,2025-06-04,2025-06,SUP033,CAT06,212137.17,0,1
TX0001956,2025-06-20,2025-06,SUP069,CAT06,145757.86,0,1
TX0001957,2025-06-20,2025-06,SUP020,CAT06,321440.71,1,1
TX0001958,2025-06-14,2025-06,SUP020,CAT06,89892.62,0,0
TX0001959,2025-06-17,2025-06,SUP067,CAT06,353575.87,1,1
TX0001960,2025-06-05,2025-06,SUP076,CAT06,66697.59,1,1
TX0001961,2025-06-19,2025-06,SUP050,CAT06,224841.6,0,0
TX0001962,2025-06-07,2025-06,SUP068,CAT06,412107.75,0,0
TX0001963,2025-06-03,2025-06,SUP067,CAT06,82921.86,0,1
TX0001964,2025-06-14,2025-06,SUP069,CAT06,102212.94,0,0
TX0001965,2025-06-15,2025-06,SUP050,CAT06,362258.88,1,1
TX0001966,2025-06-19,2025-06,SUP067,CAT06,201183.72,1,1
TX0001967,2025-06-24,2025-06,SUP069,CAT06,32710.41,1,1
TX0001968,2025-07-15,2025-07,SUP022,CAT01,825182.18,1,1
TX0001969,2025-07-03,2025-07,SUP015,CAT01,947028.96,1,1
TX0001970,2025-07-13,2025-07,SUP022,CAT01,723739.05,1,1
TX0001971,2025-07-05,2025-07,SUP046,CAT01,618405.42,1,1
TX0001972,2025-07-05,2025-07,SUP022,CAT01,108350.57,0,1
TX0001973,2025-07-13,2025-07,SUP066,CAT01,1312057.74,1,1
TX0001974,2025-07-01,2025-07,SUP022,CAT01,211552.61,1,1
TX0001975,2025-07-07,2025-07,SUP022,CAT01,499899.4,0,0
TX0001976,2025-07-01,2025-07,SUP066,CAT01,870301.18,1,1
TX0001977,2025-07-05,2025-07,SUP022,CAT01,252377.19,1,0
TX0001978,2025-07-22,2025-07,SUP022,CAT01,617866.28,0,0
TX0001979,2025-07-06,2025-07,SUP009,CAT01,1209196.9,1,1
TX0001980,2025-07-20,2025-07,SUP022,CAT01,490344.52,0,1
TX0001981,2025-07-05,2025-07,SUP022,CAT01,626091.09,1,1
TX0001982,2025-07-15,2025-07,SUP015,CAT01,303006.0,1,1
TX0001983,2025-07-24,2025-07,SUP030,CAT01,539663.36,1,1
TX0001984,2025-07-01,2025-07,SUP010,CAT01,217557.52,1,1
TX0001985,2025-07-21,2025-07,SUP017,CAT01,795548.71,1,1
TX0001986,2025-07-07,2025-07,SUP029,CAT01,169162.41,1,1
TX0001987,2025-07-16,2025-07,SUP017,CAT01,406178.39,1,1
TX0001988,2025-07-09,2025-07,SUP046,CAT01,708407.9,1,1
TX0001989,2025-07-21,2025-07,SUP046,CAT01,585565.06,1,1
TX0001990,2025-07-15,2025-07,SUP017,CAT01,906251.06,1,1
TX0001991,2025-07-11,2025-07,SUP006,CAT01,627697.19,1,1
TX0001992,2025-07-09,2025-07,SUP022,CAT01,107861.18,0,0
TX0001993,2025-07-18,2025-07,SUP006,CAT01,248280.54,1,1
TX0001994,2025-07-27,2025-07,SUP022,CAT01,682649.66,0,1
TX0001995,2025-07-06,2025-07,SUP057,CAT01,1437916.38,1,1
TX0001996,2025-07-20,2025-07,SUP046,CAT01,1265077.55,1,1
TX0001997,2025-07-09,2025-07,SUP035,CAT02,291898.58,0,1
TX0001998,2025-07-24,2025-07,SUP035,CAT02,1109881.35,0,1
TX0001999,2025-07-04,2025-07,SUP035,CAT02,376111.36,1,1
TX0002000,2025-07-19,2025-07,SUP062,CAT02,305934.18,1,1
TX0002001,2025-07-14,2025-07,SUP035,CAT02,426039.88,1,1
TX0002002,2025-07-03,2025-07,SUP052,CAT02,324474.89,1,1
TX0002003,2025-07-19,2025-07,SUP035,CAT02,395288.45,1,1
TX0002004,2025-07-07,2025-07,SUP021,CAT02,307441.68,0,1
TX0002005,2025-07-21,2025-07,SUP042,CAT02,557087.53,1,1
TX0002006,2025-07-18,2025-07,SUP035,CAT02,149625.08,1,1
TX0002007,2025-07-02,2025-07,SUP035,CAT02,94936.27,1,1
TX0002008,2025-07-13,2025-07,SUP021,CAT02,348043.41,1,0
TX0002009,2025-07-06,2025-07,SUP025,CAT02,416606.99,1,1
TX0002010,2025-07-24,2025-07,SUP055,CAT02,228473.28,1,1
TX0002011,2025-07-14,2025-07,SUP021,CAT02,329277.19,1,1
TX0002012,2025-07-15,2025-07,SUP002,CAT02,51357.06,1,1
TX0002013,2025-07-11,2025-07,SUP021,CAT02,299340.65,0,1
TX0002014,2025-07-03,2025-07,SUP035,CAT02,129526.08,1,1
TX0002015,2025-07-16,2025-07,SUP052,CAT02,106916.29,1,1
TX0002016,2025-07-14,2025-07,SUP035,CAT02,222978.63,0,1
TX0002017,2025-07-19,2025-07,SUP059,CAT02,133078.36,1,1
TX0002018,2025-07-17,2025-07,SUP032,CAT02,366468.98,1,1
TX0002019,2025-07-05,2025-07,SUP025,CAT02,535686.96,1,1
TX0002020,2025-07-26,2025-07,SUP021,CAT02,338938.28,1,1
TX0002021,2025-07-11,2025-07,SUP021,CAT02,67658.93,1,1
TX0002022,2025-07-27,2025-07,SUP035,CAT02,156339.5,1,1
TX0002023,2025-07-03,2025-07,SUP016,CAT02,442638.29,1,1
TX0002024,2025-07-07,2025-07,SUP021,CAT02,117411.81,1,1
TX0002025,2025-07-10,2025-07,SUP055,CAT02,689892.26,1,0
TX0002026,2025-07-08,2025-07,SUP035,CAT02,86454.65,1,1
TX0002027,2025-07-09,2025-07,SUP013,CAT02,289425.14,1,1
TX0002028,2025-07-09,2025-07,SUP036,CAT03,237302.59,0,1
TX0002029,2025-07-17,2025-07,SUP019,CAT03,117222.39,1,1
TX0002030,2025-07-23,2025-07,SUP036,CAT03,226804.99,1,1
TX0002031,2025-07-07,2025-07,SUP064,CAT03,239574.17,1,0
TX0002032,2025-07-26,2025-07,SUP008,CAT03,152009.02,1,1
TX0002033,2025-07-04,2025-07,SUP036,CAT03,239636.19,1,1
TX0002034,2025-07-04,2025-07,SUP014,CAT03,69185.94,0,1
TX0002035,2025-07-04,2025-07,SUP039,CAT03,156940.73,1,1
TX0002036,2025-07-06,2025-07,SUP008,CAT03,492930.68,1,1
TX0002037,2025-07-08,2025-07,SUP060,CAT03,492352.32,1,1
TX0002038,2025-07-25,2025-07,SUP008,CAT03,105736.38,0,0
TX0002039,2025-07-21,2025-07,SUP053,CAT03,210053.63,1,1
TX0002040,2025-07-12,2025-07,SUP014,CAT03,92233.18,0,0
TX0002041,2025-07-19,2025-07,SUP040,CAT03,161152.45,1,1
TX0002042,2025-07-25,2025-07,SUP014,CAT03,218614.06,1,1
TX0002043,2025-07-10,2025-07,SUP053,CAT03,324097.96,1,1
TX0002044,2025-07-11,2025-07,SUP064,CAT03,284063.96,1,1
TX0002045,2025-07-14,2025-07,SUP014,CAT03,261460.12,1,1
TX0002046,2025-07-09,2025-07,SUP064,CAT03,354765.9,1,1
TX0002047,2025-07-11,2025-07,SUP036,CAT03,249268.15,1,1
TX0002048,2025-07-22,2025-07,SUP047,CAT03,371335.38,1,1
TX0002049,2025-07-27,2025-07,SUP053,CAT03,260641.45,1,1
TX0002050,2025-07-11,2025-07,SUP014,CAT03,157233.2,0,0
TX0002051,2025-07-12,2025-07,SUP039,CAT03,115340.73,1,1
TX0002052,2025-07-18,2025-07,SUP008,CAT03,379183.22,1,1
TX0002053,2025-07-24,2025-07,SUP053,CAT03,27418.72,1,0
TX0002054,2025-07-12,2025-07,SUP039,CAT03,244189.94,1,1
TX0002055,2025-07-10,2025-07,SUP064,CAT03,150437.04,0,0
TX0002056,2025-07-17,2025-07,SUP019,CAT03,72303.52,1,1
TX0002057,2025-07-27,2025-07,SUP018,CAT04,87476.7,1,1
TX0002058,2025-07-23,2025-07,SUP037,CAT04,612725.39,1,1
TX0002059,2025-07-13,2025-07,SUP049,CAT04,74045.11,1,1
TX0002060,2025-07-11,2025-07,SUP071,CAT04,279378.84,1,1
TX0002061,2025-07-18,2025-07,SUP049,CAT04,80411.71,1,1
TX0002062,2025-07-04,2025-07,SUP018,CAT04,89199.89,1,1
TX0002063,2025-07-26,2025-07,SUP018,CAT04,859560.18,1,0
TX0002064,2025-07-16,2025-07,SUP049,CAT04,164650.42,1,1
TX0002065,2025-07-13,2025-07,SUP018,CAT04,49344.2,1,1
TX0002066,2025-07-15,2025-07,SUP071,CAT04,287602.45,1,1
TX0002067,2025-07-19,2025-07,SUP071,CAT04,401143.33,1,1
TX0002068,2025-07-20,2025-07,SUP071,CAT04,306066.53,0,1
TX0002069,2025-07-08,2025-07,SUP024,CAT04,153897.42,1,1
TX0002070,2025-07-18,2025-07,SUP071,CAT04,157878.71,1,1
TX0002071,2025-07-06,2025-07,SUP049,CAT04,116141.03,1,1
TX0002072,2025-07-16,2025-07,SUP018,CAT04,66224.3,1,1
TX0002073,2025-07-18,2025-07,SUP018,CAT04,223595.7,1,1
TX0002074,2025-07-24,2025-07,SUP018,CAT04,148115.22,1,1
TX0002075,2025-07-15,2025-07,SUP037,CAT04,54447.94,1,1
TX0002076,2025-07-25,2025-07,SUP071,CAT04,167739.3,1,1
TX0002077,2025-07-11,2025-07,SUP071,CAT04,99931.9,1,1
TX0002078,2025-07-11,2025-07,SUP024,CAT04,215239.94,1,1
TX0002079,2025-07-14,2025-07,SUP037,CAT04,200140.32,1,1
TX0002080,2025-07-03,2025-07,SUP018,CAT04,132413.23,1,1
TX0002081,2025-07-02,2025-07,SUP018,CAT04,173771.94,1,1
TX0002082,2025-07-23,2025-07,SUP018,CAT04,185098.33,1,1
TX0002083,2025-07-25,2025-07,SUP078,CAT05,369760.15,0,1
TX0002084,2025-07-21,2025-07,SUP048,CAT05,76131.39,1,1
TX0002085,2025-07-13,2025-07,SUP048,CAT05,18290.98,1,1
TX0002086,2025-07-12,2025-07,SUP056,CAT05,404249.51,1,1
TX0002087,2025-07-11,2025-07,SUP078,CAT05,100617.08,0,1
TX0002088,2025-07-07,2025-07,SUP078,CAT05,1105799.07,0,1
TX0002089,2025-07-11,2025-07,SUP048,CAT05,50758.55,1,1
TX0002090,2025-07-23,2025-07,SUP077,CAT05,359153.92,1,1
TX0002091,2025-07-16,2025-07,SUP078,CAT05,234194.27,1,1
TX0002092,2025-07-23,2025-07,SUP078,CAT05,56792.09,1,1
TX0002093,2025-07-13,2025-07,SUP056,CAT05,233153.4,1,0
TX0002094,2025-07-21,2025-07,SUP078,CAT05,111603.7,1,1
TX0002095,2025-07-05,2025-07,SUP077,CAT05,190710.8,0,1
TX0002096,2025-07-05,2025-07,SUP048,CAT05,192728.24,1,1
TX0002097,2025-07-25,2025-07,SUP003,CAT05,112957.32,1,1
TX0002098,2025-07-19,2025-07,SUP048,CAT05,153439.87,1,1
TX0002099,2025-07-02,2025-07,SUP003,CAT05,104054.21,1,1
TX0002100,2025-07-11,2025-07,SUP056,CAT05,36608.48,1,1
TX0002101,2025-07-01,2025-07,SUP078,CAT05,219209.27,1,1
TX0002102,2025-07-23,2025-07,SUP078,CAT05,497377.19,1,1
TX0002103,2025-07-19,2025-07,SUP001,CAT05,109348.05,0,0
TX0002104,2025-07-11,2025-07,SUP003,CAT05,666247.27,1,0
TX0002105,2025-07-27,2025-07,SUP077,CAT05,757501.49,1,1
TX0002106,2025-07-05,2025-07,SUP070,CAT05,143343.74,1,0
TX0002107,2025-07-22,2025-07,SUP048,CAT05,171224.59,1,1
TX0002108,2025-07-02,2025-07,SUP078,CAT05,145603.75,0,1
TX0002109,2025-07-05,2025-07,SUP048,CAT05,77197.7,0,1
TX0002110,2025-07-14,2025-07,SUP003,CAT05,171861.66,1,1
TX0002111,2025-07-07,2025-07,SUP078,CAT05,157259.92,1,1
TX0002112,2025-07-08,2025-07,SUP077,CAT05,216438.62,1,1
TX0002113,2025-07-09,2025-07,SUP056,CAT05,225181.06,0,0
TX0002114,2025-07-01,2025-07,SUP078,CAT05,71938.66,0,1
TX0002115,2025-07-23,2025-07,SUP067,CAT06,313969.11,1,1
TX0002116,2025-07-26,2025-07,SUP069,CAT06,196321.28,1,1
TX0002117,2025-07-21,2025-07,SUP069,CAT06,169405.72,0,0
TX0002118,2025-07-04,2025-07,SUP050,CAT06,365160.54,1,1
TX0002119,2025-07-05,2025-07,SUP069,CAT06,321666.39,1,1
TX0002120,2025-07-04,2025-07,SUP020,CAT06,574315.94,0,1
TX0002121,2025-07-18,2025-07,SUP067,CAT06,171751.07,1,1
TX0002122,2025-07-23,2025-07,SUP020,CAT06,158536.23,1,1
TX0002123,2025-07-23,2025-07,SUP020,CAT06,423283.92,1,1
TX0002124,2025-07-11,2025-07,SUP020,CAT06,487476.3,1,0
TX0002125,2025-07-13,2025-07,SUP020,CAT06,1154857.01,1,1
TX0002126,2025-07-07,2025-07,SUP069,CAT06,52305.56,0,0
TX0002127,2025-07-08,2025-07,SUP067,CAT06,687418.87,1,1
TX0002128,2025-07-25,2025-07,SUP069,CAT06,294759.52,0,1
TX0002129,2025-07-19,2025-07,SUP067,CAT06,179919.56,1,1
TX0002130,2025-07-01,2025-07,SUP069,CAT06,368640.26,1,1
TX0002131,2025-07-03,2025-07,SUP038,CAT06,359514.78,1,1
TX0002132,2025-07-08,2025-07,SUP067,CAT06,184185.94,0,1
TX0002133,2025-08-09,2025-08,SUP029,CAT01,50447.48,1,0
TX0002134,2025-08-15,2025-08,SUP046,CAT01,1909147.83,1,1
TX0002135,2025-08-04,2025-08,SUP046,CAT01,1830148.82,1,1
TX0002136,2025-08-26,2025-08,SUP017,CAT01,530633.26,1,1
TX0002137,2025-08-20,2025-08,SUP029,CAT01,553619.47,1,1
TX0002138,2025-08-19,2025-08,SUP022,CAT01,1520733.28,0,1
TX0002139,2025-08-25,2025-08,SUP046,CAT01,191989.17,1,1
TX0002140,2025-08-19,2025-08,SUP027,CAT01,261634.19,1,1
TX0002141,2025-08-06,2025-08,SUP015,CAT01,1583823.0,1,1
TX0002142,2025-08-27,2025-08,SUP057,CAT01,431990.3,1,1
TX0002143,2025-08-22,2025-08,SUP022,CAT01,230242.16,1,1
TX0002144,2025-08-06,2025-08,SUP029,CAT01,774029.27,1,1
TX0002145,2025-08-17,2025-08,SUP046,CAT01,322077.74,1,1
TX0002146,2025-08-10,2025-08,SUP046,CAT01,1405401.53,0,1
TX0002147,2025-08-16,2025-08,SUP065,CAT01,602139.35,1,1
TX0002148,2025-08-08,2025-08,SUP017,CAT01,332965.65,0,1
TX0002149,2025-08-27,2025-08,SUP010,CAT01,348339.18,1,1
TX0002150,2025-08-24,2025-08,SUP046,CAT01,747699.34,0,0
TX0002151,2025-08-27,2025-08,SUP017,CAT01,474514.8,1,1
TX0002152,2025-08-08,2025-08,SUP010,CAT01,426753.89,1,1
TX0002153,2025-08-01,2025-08,SUP010,CAT01,945593.72,1,1
TX0002154,2025-08-13,2025-08,SUP017,CAT01,1534757.86,1,1
TX0002155,2025-08-18,2025-08,SUP080,CAT01,855482.77,1,1
TX0002156,2025-08-06,2025-08,SUP010,CAT01,301019.56,0,0
TX0002157,2025-08-17,2025-08,SUP017,CAT01,217664.37,1,1
TX0002158,2025-08-05,2025-08,SUP011,CAT02,197362.82,1,1
TX0002159,2025-08-09,2025-08,SUP035,CAT02,345713.97,1,1
TX0002160,2025-08-17,2025-08,SUP061,CAT02,255981.96,1,1
TX0002161,2025-08-04,2025-08,SUP055,CAT02,145216.19,1,1
TX0002162,2025-08-20,2025-08,SUP021,CAT02,468029.24,1,1
TX0002163,2025-08-26,2025-08,SUP035,CAT02,257736.49,1,1
TX0002164,2025-08-11,2025-08,SUP035,CAT02,105893.76,1,1
TX0002165,2025-08-04,2025-08,SUP055,CAT02,291183.94,1,1
TX0002166,2025-08-27,2025-08,SUP021,CAT02,329160.06,1,1
TX0002167,2025-08-04,2025-08,SUP032,CAT02,163779.82,1,0
TX0002168,2025-08-14,2025-08,SUP021,CAT02,124276.51,1,0
TX0002169,2025-08-25,2025-08,SUP011,CAT02,244909.01,0,1
TX0002170,2025-08-10,2025-08,SUP035,CAT02,350831.06,0,0
TX0002171,2025-08-24,2025-08,SUP025,CAT02,936726.46,1,1
TX0002172,2025-08-09,2025-08,SUP021,CAT02,78990.39,1,1
TX0002173,2025-08-08,2025-08,SUP052,CAT02,506903.83,1,1
TX0002174,2025-08-11,2025-08,SUP035,CAT02,63282.57,0,1
TX0002175,2025-08-26,2025-08,SUP063,CAT02,165546.71,1,1
TX0002176,2025-08-04,2025-08,SUP035,CAT02,445359.11,0,1
TX0002177,2025-08-05,2025-08,SUP055,CAT02,986825.13,1,1
TX0002178,2025-08-10,2025-08,SUP035,CAT02,114213.1,1,1
TX0002179,2025-08-02,2025-08,SUP021,CAT02,924554.97,1,1
TX0002180,2025-08-22,2025-08,SUP016,CAT02,550858.27,1,1
TX0002181,2025-08-12,2025-08,SUP059,CAT02,130698.85,1,1
TX0002182,2025-08-16,2025-08,SUP021,CAT02,118128.99,1,1
TX0002183,2025-08-04,2025-08,SUP025,CAT02,191472.6,1,1
TX0002184,2025-08-20,2025-08,SUP035,CAT02,402059.09,1,1
TX0002185,2025-08-19,2025-08,SUP021,CAT02,242323.71,1,1
TX0002186,2025-08-02,2025-08,SUP021,CAT02,183567.62,1,1
TX0002187,2025-08-10,2025-08,SUP034,CAT02,135610.09,1,1
TX0002188,2025-08-18,2025-08,SUP025,CAT02,274899.68,0,0
TX0002189,2025-08-10,2025-08,SUP008,CAT03,380498.73,1,1
TX0002190,2025-08-23,2025-08,SUP053,CAT03,293900.15,1,0
TX0002191,2025-08-26,2025-08,SUP053,CAT03,127122.7,1,1
TX0002192,2025-08-07,2025-08,SUP060,CAT03,280922.58,0,0
TX0002193,2025-08-20,2025-08,SUP008,CAT03,699439.21,1,1
TX0002194,2025-08-08,2025-08,SUP014,CAT03,312458.35,0,1
TX0002195,2025-08-19,2025-08,SUP064,CAT03,122755.09,0,1
TX0002196,2025-08-27,2025-08,SUP051,CAT03,101646.59,1,1
TX0002197,2025-08-24,2025-08,SUP039,CAT03,328712.24,1,1
TX0002198,2025-08-11,2025-08,SUP058,CAT03,102466.94,0,0
TX0002199,2025-08-15,2025-08,SUP064,CAT03,159418.35,0,1
TX0002200,2025-08-13,2025-08,SUP014,CAT03,609214.97,0,0
TX0002201,2025-08-08,2025-08,SUP064,CAT03,162704.87,1,1
TX0002202,2025-08-20,2025-08,SUP008,CAT03,405528.42,1,1
TX0002203,2025-08-15,2025-08,SUP073,CAT03,471514.12,0,1
TX0002204,2025-08-06,2025-08,SUP008,CAT03,555883.24,0,0
TX0002205,2025-08-14,2025-08,SUP014,CAT03,242364.31,1,1
TX0002206,2025-08-16,2025-08,SUP008,CAT03,80154.31,1,1
TX0002207,2025-08-22,2025-08,SUP060,CAT03,130302.27,1,1
TX0002208,2025-08-16,2025-08,SUP073,CAT03,106911.96,1,1
TX0002209,2025-08-17,2025-08,SUP019,CAT03,112767.2,1,1
TX0002210,2025-08-03,2025-08,SUP036,CAT03,190098.5,1,1
TX0002211,2025-08-06,2025-08,SUP019,CAT03,511278.91,1,1
TX0002212,2025-08-27,2025-08,SUP024,CAT04,143436.89,1,1
TX0002213,2025-08-18,2025-08,SUP049,CAT04,176460.51,1,1
TX0002214,2025-08-10,2025-08,SUP071,CAT04,13105.01,1,1
TX0002215,2025-08-16,2025-08,SUP049,CAT04,99810.76,1,1
TX0002216,2025-08-03,2025-08,SUP049,CAT04,440112.12,1,1
TX0002217,2025-08-16,2025-08,SUP071,CAT04,80163.66,1,1
TX0002218,2025-08-13,2025-08,SUP071,CAT04,245555.46,1,1
TX0002219,2025-08-10,2025-08,SUP018,CAT04,736677.71,1,1
TX0002220,2025-08-27,2025-08,SUP018,CAT04,493728.36,1,1
TX0002221,2025-08-25,2025-08,SUP037,CAT04,53196.38,1,1
TX0002222,2025-08-07,2025-08,SUP071,CAT04,231495.6,1,1
TX0002223,2025-08-06,2025-08,SUP037,CAT04,241598.34,1,1
TX0002224,2025-08-19,2025-08,SUP037,CAT04,206295.1,1,1
TX0002225,2025-08-22,2025-08,SUP037,CAT04,45384.83,0,1
TX0002226,2025-08-19,2025-08,SUP018,CAT04,153399.1,1,1
TX0002227,2025-08-11,2025-08,SUP018,CAT04,152624.21,1,1
TX0002228,2025-08-12,2025-08,SUP018,CAT04,39516.85,1,1
TX0002229,2025-08-11,2025-08,SUP018,CAT04,104359.04,1,1
TX0002230,2025-08-11,2025-08,SUP071,CAT04,158460.72,1,1
TX0002231,2025-08-14,2025-08,SUP037,CAT04,122363.57,1,1
TX0002232,2025-08-18,2025-08,SUP018,CAT04,216999.58,1,1
TX0002233,2025-08-19,2025-08,SUP037,CAT04,102284.62,1,1
TX0002234,2025-08-12,2025-08,SUP024,CAT04,141955.79,1,1
TX0002235,2025-08-15,2025-08,SUP037,CAT04,256471.91,1,1
TX0002236,2025-08-25,2025-08,SUP024,CAT04,406020.01,1,1
TX0002237,2025-08-11,2025-08,SUP012,CAT04,44448.65,1,1
TX0002238,2025-08-12,2025-08,SUP049,CAT04,211263.01,1,1
TX0002239,2025-08-26,2025-08,SUP018,CAT04,89532.2,1,1
TX0002240,2025-08-22,2025-08,SUP078,CAT05,321466.39,1,1
TX0002241,2025-08-23,2025-08,SUP028,CAT05,654332.52,0,0
TX0002242,2025-08-03,2025-08,SUP078,CAT05,250004.55,1,1
TX0002243,2025-08-14,2025-08,SUP078,CAT05,286980.4,1,1
TX0002244,2025-08-01,2025-08,SUP077,CAT05,297628.01,0,0
TX0002245,2025-08-17,2025-08,SUP070,CAT05,930771.74,1,1
TX0002246,2025-08-10,2025-08,SUP078,CAT05,537387.65,1,1
TX0002247,2025-08-24,2025-08,SUP070,CAT05,57905.71,1,1
TX0002248,2025-08-20,2025-08,SUP078,CAT05,155588.9,1,1
TX0002249,2025-08-10,2025-08,SUP048,CAT05,263405.44,1,1
TX0002250,2025-08-08,2025-08,SUP078,CAT05,645249.7,0,1
TX0002251,2025-08-14,2025-08,SUP078,CAT05,687826.9,0,1
TX0002252,2025-08-23,2025-08,SUP078,CAT05,238886.15,0,1
TX0002253,2025-08-12,2025-08,SUP048,CAT05,151320.52,1,1
TX0002254,2025-08-19,2025-08,SUP078,CAT05,213691.18,1,1
TX0002255,2025-08-04,2025-08,SUP028,CAT05,270678.34,0,1
TX0002256,2025-08-18,2025-08,SUP077,CAT05,202304.35,1,1
TX0002257,2025-08-25,2025-08,SUP048,CAT05,575993.41,1,1
TX0002258,2025-08-05,2025-08,SUP077,CAT05,186992.42,1,1
TX0002259,2025-08-22,2025-08,SUP056,CAT05,119111.04,1,1
TX0002260,2025-08-19,2025-08,SUP001,CAT05,210109.66,1,1
TX0002261,2025-08-10,2025-08,SUP048,CAT05,311773.01,1,1
TX0002262,2025-08-27,2025-08,SUP050,CAT06,140884.34,1,1
TX0002263,2025-08-03,2025-08,SUP069,CAT06,198777.97,0,0
TX0002264,2025-08-08,2025-08,SUP045,CAT06,160284.01,1,1
TX0002265,2025-08-05,2025-08,SUP020,CAT06,352931.04,1,1
TX0002266,2025-08-08,2025-08,SUP069,CAT06,175794.27,0,0
TX0002267,2025-08-05,2025-08,SUP069,CAT06,545327.41,0,0
TX0002268,2025-08-08,2025-08,SUP020,CAT06,111033.98,1,1
TX0002269,2025-08-13,2025-08,SUP069,CAT06,42527.15,0,1
TX0002270,2025-08-02,2025-08,SUP067,CAT06,156374.2,0,0
TX0002271,2025-08-09,2025-08,SUP069,CAT06,220911.0,1,1
TX0002272,2025-08-01,2025-08,SUP069,CAT06,75895.92,0,1
TX0002273,2025-08-17,2025-08,SUP069,CAT06,422271.03,1,1
TX0002274,2025-08-08,2025-08,SUP069,CAT06,204481.37,1,1
TX0002275,2025-08-27,2025-08,SUP069,CAT06,176824.04,1,1
TX0002276,2025-08-20,2025-08,SUP069,CAT06,368104.95,0,1
TX0002277,2025-08-12,2025-08,SUP050,CAT06,83722.6,1,1
TX0002278,2025-08-24,2025-08,SUP067,CAT06,175210.01,0,0
TX0002279,2025-08-09,2025-08,SUP069,CAT06,589552.38,0,0
TX0002280,2025-08-13,2025-08,SUP033,CAT06,185696.61,0,0
TX0002281,2025-08-25,2025-08,SUP069,CAT06,235142.48,0,1
TX0002282,2025-08-11,2025-08,SUP038,CAT06,497447.04,1,1
TX0002283,2025-08-03,2025-08,SUP069,CAT06,360633.16,0,0
TX0002284,2025-08-07,2025-08,SUP067,CAT06,333860.58,0,1
TX0002285,2025-08-08,2025-08,SUP069,CAT06,146774.98,0,1
TX0002286,2025-08-15,2025-08,SUP069,CAT06,329777.21,0,0
TX0002287,2025-08-10,2025-08,SUP067,CAT06,197824.26,0,1
TX0002288,2025-09-25,2025-09,SUP022,CAT01,222137.19,0,1
TX0002289,2025-09-13,2025-09,SUP029,CAT01,139867.7,1,1
TX0002290,2025-09-14,2025-09,SUP072,CAT01,217597.65,1,1
TX0002291,2025-09-26,2025-09,SUP046,CAT01,1924910.97,1,1
TX0002292,2025-09-10,2025-09,SUP005,CAT01,675052.77,1,1
TX0002293,2025-09-24,2025-09,SUP022,CAT01,1052949.94,0,0
TX0002294,2025-09-18,2025-09,SUP066,CAT01,284273.04,1,1
TX0002295,2025-09-13,2025-09,SUP017,CAT01,1760191.73,1,0
TX0002296,2025-09-10,2025-09,SUP072,CAT01,347803.54,1,1
TX0002297,2025-09-14,2025-09,SUP022,CAT01,817206.73,1,1
TX0002298,2025-09-24,2025-09,SUP006,CAT01,249863.91,0,0
TX0002299,2025-09-23,2025-09,SUP017,CAT01,615904.96,1,1
TX0002300,2025-09-16,2025-09,SUP066,CAT01,432673.58,1,1
TX0002301,2025-09-08,2025-09,SUP080,CAT01,207976.45,1,1
TX0002302,2025-09-22,2025-09,SUP066,CAT01,588641.93,1,1
TX0002303,2025-09-22,2025-09,SUP017,CAT01,535774.95,1,1
TX0002304,2025-09-04,2025-09,SUP065,CAT01,120376.33,1,1
TX0002305,2025-09-14,2025-09,SUP017,CAT01,1213053.34,1,1
TX0002306,2025-09-18,2025-09,SUP022,CAT01,611813.65,0,1
TX0002307,2025-09-10,2025-09,SUP046,CAT01,236080.71,1,1
TX0002308,2025-09-07,2025-09,SUP080,CAT01,1593827.27,1,1
TX0002309,2025-09-23,2025-09,SUP022,CAT01,845814.99,1,1
TX0002310,2025-09-09,2025-09,SUP022,CAT01,476181.91,1,1
TX0002311,2025-09-14,2025-09,SUP017,CAT01,360430.7,1,1
TX0002312,2025-09-03,2025-09,SUP022,CAT01,693974.67,1,1
TX0002313,2025-09-14,2025-09,SUP005,CAT01,1300358.88,1,1
TX0002314,2025-09-15,2025-09,SUP066,CAT01,485416.29,1,1
TX0002315,2025-09-05,2025-09,SUP004,CAT01,1211177.56,1,1
TX0002316,2025-09-20,2025-09,SUP021,CAT02,154106.91,1,1
TX0002317,2025-09-27,2025-09,SUP035,CAT02,430030.52,0,1
TX0002318,2025-09-05,2025-09,SUP011,CAT02,246697.86,1,1
TX0002319,2025-09-12,2025-09,SUP055,CAT02,332564.73,1,1
TX0002320,2025-09-24,2025-09,SUP061,CAT02,86649.56,1,1
TX0002321,2025-09-02,2025-09,SUP002,CAT02,622754.86,0,1
TX0002322,2025-09-24,2025-09,SUP032,CAT02,474225.9,1,1
TX0002323,2025-09-14,2025-09,SUP025,CAT02,112966.12,1,1
TX0002324,2025-09-26,2025-09,SUP052,CAT02,572586.33,1,1
TX0002325,2025-09-15,2025-09,SUP035,CAT02,107141.8,1,1
TX0002326,2025-09-13,2025-09,SUP035,CAT02,59416.46,1,0
TX0002327,2025-09-19,2025-09,SUP021,CAT02,224829.24,1,1
TX0002328,2025-09-01,2025-09,SUP016,CAT02,350417.6,1,1
TX0002329,2025-09-12,2025-09,SUP035,CAT02,446482.44,1,0
TX0002330,2025-09-03,2025-09,SUP035,CAT02,182712.48,1,1
TX0002331,2025-09-06,2025-09,SUP052,CAT02,359009.72,1,1
TX0002332,2025-09-16,2025-09,SUP052,CAT02,783611.75,1,1
TX0002333,2025-09-20,2025-09,SUP035,CAT02,467444.19,1,1
TX0002334,2025-09-18,2025-09,SUP035,CAT02,77225.16,1,1
TX0002335,2025-09-13,2025-09,SUP055,CAT02,649038.86,0,1
TX0002336,2025-09-07,2025-09,SUP035,CAT02,587190.7,1,1
TX0002337,2025-09-12,2025-09,SUP055,CAT02,608287.17,1,1
TX0002338,2025-09-04,2025-09,SUP063,CAT02,171466.91,1,1
TX0002339,2025-09-04,2025-09,SUP025,CAT02,93651.72,1,1
TX0002340,2025-09-17,2025-09,SUP035,CAT02,271681.33,1,1
TX0002341,2025-09-25,2025-09,SUP035,CAT02,385800.92,1,1
TX0002342,2025-09-11,2025-09,SUP021,CAT02,710941.29,1,1
TX0002343,2025-09-08,2025-09,SUP035,CAT02,54632.49,0,0
TX0002344,2025-09-01,2025-09,SUP025,CAT02,348907.31,0,0
TX0002345,2025-09-17,2025-09,SUP032,CAT02,203527.65,1,1
TX0002346,2025-09-24,2025-09,SUP008,CAT03,161852.62,1,1
TX0002347,2025-09-10,2025-09,SUP053,CAT03,231858.59,1,1
TX0002348,2025-09-22,2025-09,SUP064,CAT03,296528.69,1,1
TX0002349,2025-09-22,2025-09,SUP058,CAT03,444091.35,0,1
TX0002350,2025-09-15,2025-09,SUP036,CAT03,209690.35,1,1
TX0002351,2025-09-06,2025-09,SUP014,CAT03,228790.01,1,1
TX0002352,2025-09-24,2025-09,SUP064,CAT03,325235.5,1,1
TX0002353,2025-09-18,2025-09,SUP051,CAT03,212791.63,1,1
TX0002354,2025-09-26,2025-09,SUP036,CAT03,128714.26,1,1
TX0002355,2025-09-18,2025-09,SUP064,CAT03,391885.4,1,1
TX0002356,2025-09-07,2025-09,SUP014,CAT03,262856.13,1,1
TX0002357,2025-09-09,2025-09,SUP039,CAT03,172059.55,1,1
TX0002358,2025-09-02,2025-09,SUP008,CAT03,89510.95,1,1
TX0002359,2025-09-22,2025-09,SUP008,CAT03,37386.71,1,1
TX0002360,2025-09-22,2025-09,SUP036,CAT03,337268.46,1,1
TX0002361,2025-09-22,2025-09,SUP053,CAT03,126138.77,1,1
TX0002362,2025-09-10,2025-09,SUP036,CAT03,54516.09,1,1
TX0002363,2025-09-19,2025-09,SUP053,CAT03,113401.04,1,1
TX0002364,2025-09-27,2025-09,SUP060,CAT03,295515.03,1,1
TX0002365,2025-09-21,2025-09,SUP064,CAT03,125084.92,0,0
TX0002366,2025-09-12,2025-09,SUP008,CAT03,299872.75,0,1
TX0002367,2025-09-18,2025-09,SUP060,CAT03,148601.32,0,1
TX0002368,2025-09-07,2025-09,SUP008,CAT03,230747.43,1,1
TX0002369,2025-09-03,2025-09,SUP053,CAT03,246223.09,1,1
TX0002370,2025-09-23,2025-09,SUP036,CAT03,377287.27,0,0
TX0002371,2025-09-19,2025-09,SUP053,CAT03,385632.05,1,1
TX0002372,2025-09-10,2025-09,SUP014,CAT03,236573.21,1,1
TX0002373,2025-09-26,2025-09,SUP053,CAT03,103548.06,0,0
TX0002374,2025-09-04,2025-09,SUP008,CAT03,510338.78,1,1
TX0002375,2025-09-27,2025-09,SUP018,CAT04,131912.58,1,1
TX0002376,2025-09-24,2025-09,SUP049,CAT04,67297.49,1,1
TX0002377,2025-09-20,2025-09,SUP018,CAT04,244643.65,1,1
TX0002378,2025-09-27,2025-09,SUP018,CAT04,250936.25,1,1
TX0002379,2025-09-12,2025-09,SUP018,CAT04,177783.53,1,1
TX0002380,2025-09-23,2025-09,SUP071,CAT04,156026.08,1,1
TX0002381,2025-09-14,2025-09,SUP024,CAT04,252577.56,1,1
TX0002382,2025-09-04,2025-09,SUP037,CAT04,65811.78,1,1
TX0002383,2025-09-25,2025-09,SUP049,CAT04,223517.78,0,0
TX0002384,2025-09-27,2025-09,SUP071,CAT04,486587.45,1,1
TX0002385,2025-09-19,2025-09,SUP024,CAT04,102133.39,1,1
TX0002386,2025-09-13,2025-09,SUP071,CAT04,144447.82,1,1
TX0002387,2025-09-25,2025-09,SUP018,CAT04,402431.02,1,1
TX0002388,2025-09-05,2025-09,SUP049,CAT04,178007.73,1,1
TX0002389,2025-09-12,2025-09,SUP037,CAT04,308837.73,1,1
TX0002390,2025-09-24,2025-09,SUP071,CAT04,233103.83,1,1
TX0002391,2025-09-06,2025-09,SUP071,CAT04,247282.32,1,1
TX0002392,2025-09-04,2025-09,SUP071,CAT04,97293.03,1,1
TX0002393,2025-09-27,2025-09,SUP071,CAT04,94672.01,1,1
TX0002394,2025-09-18,2025-09,SUP018,CAT04,280728.73,1,1
TX0002395,2025-09-24,2025-09,SUP049,CAT04,48504.31,1,1
TX0002396,2025-09-03,2025-09,SUP018,CAT04,149684.46,1,0
TX0002397,2025-09-23,2025-09,SUP018,CAT04,252786.89,1,1
TX0002398,2025-09-07,2025-09,SUP037,CAT04,143871.98,1,1
TX0002399,2025-09-05,2025-09,SUP071,CAT04,157234.13,1,1
TX0002400,2025-09-01,2025-09,SUP071,CAT04,319535.47,1,1
TX0002401,2025-09-01,2025-09,SUP071,CAT04,435684.35,1,1
TX0002402,2025-09-22,2025-09,SUP077,CAT05,230448.16,1,1
TX0002403,2025-09-14,2025-09,SUP001,CAT05,572277.37,1,1
TX0002404,2025-09-23,2025-09,SUP077,CAT05,555333.33,0,1
TX0002405,2025-09-21,2025-09,SUP078,CAT05,169617.55,1,1
TX0002406,2025-09-11,2025-09,SUP001,CAT05,323419.19,1,1
TX0002407,2025-09-13,2025-09,SUP048,CAT05,785139.14,0,0
TX0002408,2025-09-18,2025-09,SUP078,CAT05,295599.81,1,1
TX0002409,2025-09-10,2025-09,SUP048,CAT05,32750.2,0,0
TX0002410,2025-09-26,2025-09,SUP078,CAT05,387264.67,1,1
TX0002411,2025-09-24,2025-09,SUP077,CAT05,363195.21,1,1
TX0002412,2025-09-04,2025-09,SUP048,CAT05,572881.44,1,1
TX0002413,2025-09-16,2025-09,SUP078,CAT05,279662.0,1,1
TX0002414,2025-09-26,2025-09,SUP077,CAT05,215878.6,0,1
TX0002415,2025-09-14,2025-09,SUP028,CAT05,113556.33,1,1
TX0002416,2025-09-13,2025-09,SUP078,CAT05,526180.83,1,1
TX0002417,2025-09-13,2025-09,SUP070,CAT05,199271.27,1,1
TX0002418,2025-09-10,2025-09,SUP078,CAT05,552840.35,1,1
TX0002419,2025-09-07,2025-09,SUP048,CAT05,118532.9,0,1
TX0002420,2025-09-19,2025-09,SUP031,CAT05,419232.62,1,1
TX0002421,2025-09-16,2025-09,SUP078,CAT05,534404.7,1,1
TX0002422,2025-09-01,2025-09,SUP077,CAT05,667181.01,1,1
TX0002423,2025-09-04,2025-09,SUP068,CAT06,356534.76,1,1
TX0002424,2025-09-03,2025-09,SUP069,CAT06,126315.35,0,0
TX0002425,2025-09-14,2025-09,SUP069,CAT06,122115.44,0,0
TX0002426,2025-09-23,2025-09,SUP050,CAT06,152409.02,1,0
TX0002427,2025-09-11,2025-09,SUP069,CAT06,26405.74,1,1
TX0002428,2025-09-23,2025-09,SUP068,CAT06,296839.3,1,1
TX0002429,2025-09-24,2025-09,SUP069,CAT06,343350.78,1,1
TX0002430,2025-09-02,2025-09,SUP045,CAT06,73871.0,1,1
TX0002431,2025-09-25,2025-09,SUP050,CAT06,464535.65,1,1
TX0002432,2025-09-11,2025-09,SUP067,CAT06,127954.43,1,1
TX0002433,2025-09-01,2025-09,SUP050,CAT06,81292.08,1,1
TX0002434,2025-09-12,2025-09,SUP069,CAT06,79214.82,0,1
TX0002435,2025-09-10,2025-09,SUP050,CAT06,444156.43,1,1
TX0002436,2025-09-11,2025-09,SUP033,CAT06,54546.75,1,1
TX0002437,2025-09-12,2025-09,SUP033,CAT06,154861.76,0,1
TX0002438,2025-09-23,2025-09,SUP020,CAT06,169157.85,1,1
TX0002439,2025-09-01,2025-09,SUP067,CAT06,229905.5,0,1
TX0002440,2025-09-07,2025-09,SUP020,CAT06,145663.37,1,1
TX0002441,2025-09-15,2025-09,SUP067,CAT06,422947.56,1,1
TX0002442,2025-09-13,2025-09,SUP050,CAT06,476600.39,1,1
TX0002443,2025-09-12,2025-09,SUP067,CAT06,359884.28,1,1
TX0002444,2025-09-03,2025-09,SUP069,CAT06,181635.71,0,1
TX0002445,2025-09-21,2025-09,SUP069,CAT06,263909.04,1,1
TX0002446,2025-09-22,2025-09,SUP067,CAT06,107794.81,1,1
TX0002447,2025-09-22,2025-09,SUP067,CAT06,304377.31,0,0
TX0002448,2025-09-05,2025-09,SUP069,CAT06,85388.76,0,1
TX0002449,2025-09-10,2025-09,SUP069,CAT06,63313.43,1,1
TX0002450,2025-09-22,2025-09,SUP067,CAT06,61705.96,1,1
TX0002451,2025-09-02,2025-09,SUP020,CAT06,208740.67,1,1
TX0002452,2025-09-09,2025-09,SUP069,CAT06,388840.58,0,1
TX0002453,2025-09-13,2025-09,SUP020,CAT06,409731.46,1,1
TX0002454,2025-10-20,2025-10,SUP065,CAT01,760223.43,1,1
TX0002455,2025-10-24,2025-10,SUP046,CAT01,450406.63,1,1
TX0002456,2025-10-09,2025-10,SUP066,CAT01,269010.55,1,1
TX0002457,2025-10-08,2025-10,SUP046,CAT01,941934.6,0,1
TX0002458,2025-10-06,2025-10,SUP017,CAT01,303881.53,1,1
TX0002459,2025-10-18,2025-10,SUP022,CAT01,949751.36,0,0
TX0002460,2025-10-18,2025-10,SUP046,CAT01,204200.33,1,1
TX0002461,2025-10-01,2025-10,SUP030,CAT01,329144.03,1,1
TX0002462,2025-10-13,2025-10,SUP066,CAT01,1158793.46,1,1
TX0002463,2025-10-17,2025-10,SUP022,CAT01,402999.92,1,1
TX0002464,2025-10-22,2025-10,SUP015,CAT01,371520.97,1,1
TX0002465,2025-10-10,2025-10,SUP017,CAT01,784705.53,1,1
TX0002466,2025-10-10,2025-10,SUP066,CAT01,931221.14,1,1
TX0002467,2025-10-23,2025-10,SUP004,CAT01,1761177.0,1,1
TX0002468,2025-10-13,2025-10,SUP066,CAT01,97348.14,1,1
TX0002469,2025-10-09,2025-10,SUP005,CAT01,667762.96,1,1
TX0002470,2025-10-05,2025-10,SUP022,CAT01,648247.72,0,0
TX0002471,2025-10-26,2025-10,SUP066,CAT01,590627.06,1,1
TX0002472,2025-10-06,2025-10,SUP022,CAT01,728051.56,0,1
TX0002473,2025-10-18,2025-10,SUP066,CAT01,839248.56,1,1
TX0002474,2025-10-04,2025-10,SUP006,CAT01,1211214.87,1,1
TX0002475,2025-10-18,2025-10,SUP022,CAT01,603762.99,1,1
TX0002476,2025-10-23,2025-10,SUP029,CAT01,1462697.76,1,1
TX0002477,2025-10-06,2025-10,SUP066,CAT01,606995.41,1,0
TX0002478,2025-10-24,2025-10,SUP006,CAT01,331599.61,0,1
TX0002479,2025-10-15,2025-10,SUP022,CAT01,567451.41,1,1
TX0002480,2025-10-09,2025-10,SUP046,CAT01,232305.14,1,1
TX0002481,2025-10-08,2025-10,SUP080,CAT01,242985.01,1,1
TX0002482,2025-10-16,2025-10,SUP066,CAT01,430135.67,1,1
TX0002483,2025-10-16,2025-10,SUP066,CAT01,383587.35,1,1
TX0002484,2025-10-11,2025-10,SUP022,CAT01,1188506.96,1,1
TX0002485,2025-10-19,2025-10,SUP035,CAT02,164156.76,1,1
TX0002486,2025-10-09,2025-10,SUP061,CAT02,323017.89,0,1
TX0002487,2025-10-20,2025-10,SUP021,CAT02,201792.31,0,0
TX0002488,2025-10-24,2025-10,SUP021,CAT02,232658.06,1,1
TX0002489,2025-10-17,2025-10,SUP035,CAT02,386302.45,1,1
TX0002490,2025-10-19,2025-10,SUP021,CAT02,467873.11,1,1
TX0002491,2025-10-23,2025-10,SUP025,CAT02,181625.66,1,1
TX0002492,2025-10-22,2025-10,SUP035,CAT02,632872.37,1,0
TX0002493,2025-10-02,2025-10,SUP035,CAT02,1246718.35,0,0
TX0002494,2025-10-22,2025-10,SUP021,CAT02,905900.98,1,1
TX0002495,2025-10-22,2025-10,SUP035,CAT02,267040.81,1,1
TX0002496,2025-10-05,2025-10,SUP035,CAT02,739990.1,0,1
TX0002497,2025-10-14,2025-10,SUP052,CAT02,288697.37,1,1
TX0002498,2025-10-20,2025-10,SUP025,CAT02,19163.96,1,1
TX0002499,2025-10-06,2025-10,SUP035,CAT02,175129.97,1,1
TX0002500,2025-10-26,2025-10,SUP035,CAT02,438488.83,1,1
TX0002501,2025-10-12,2025-10,SUP021,CAT02,566882.02,1,1
TX0002502,2025-10-10,2025-10,SUP035,CAT02,231766.98,1,1
TX0002503,2025-10-12,2025-10,SUP035,CAT02,106847.04,1,1
TX0002504,2025-10-21,2025-10,SUP021,CAT02,370429.51,1,1
TX0002505,2025-10-08,2025-10,SUP032,CAT02,463353.57,1,1
TX0002506,2025-10-05,2025-10,SUP025,CAT02,72176.17,0,0
TX0002507,2025-10-22,2025-10,SUP035,CAT02,525286.94,0,0
TX0002508,2025-10-04,2025-10,SUP002,CAT02,434494.61,0,0
TX0002509,2025-10-13,2025-10,SUP035,CAT02,696573.62,1,1
TX0002510,2025-10-26,2025-10,SUP021,CAT02,74999.12,1,1
TX0002511,2025-10-25,2025-10,SUP035,CAT02,249934.39,1,1
TX0002512,2025-10-03,2025-10,SUP035,CAT02,172062.59,0,1
TX0002513,2025-10-15,2025-10,SUP035,CAT02,191028.44,0,1
TX0002514,2025-10-27,2025-10,SUP008,CAT03,1174318.61,1,1
TX0002515,2025-10-01,2025-10,SUP053,CAT03,330220.4,1,1
TX0002516,2025-10-22,2025-10,SUP014,CAT03,681404.93,1,1
TX0002517,2025-10-13,2025-10,SUP064,CAT03,1326983.62,0,0
TX0002518,2025-10-20,2025-10,SUP051,CAT03,209557.84,1,1
TX0002519,2025-10-22,2025-10,SUP014,CAT03,223506.38,1,1
TX0002520,2025-10-14,2025-10,SUP073,CAT03,355958.24,1,1
TX0002521,2025-10-02,2025-10,SUP047,CAT03,194992.47,1,1
TX0002522,2025-10-27,2025-10,SUP008,CAT03,85620.34,0,1
TX0002523,2025-10-26,2025-10,SUP047,CAT03,244267.83,1,1
TX0002524,2025-10-03,2025-10,SUP073,CAT03,607420.66,1,1
TX0002525,2025-10-08,2025-10,SUP039,CAT03,138344.44,1,1
TX0002526,2025-10-01,2025-10,SUP039,CAT03,153766.19,1,1
TX0002527,2025-10-07,2025-10,SUP039,CAT03,257813.52,1,1
TX0002528,2025-10-08,2025-10,SUP019,CAT03,175846.61,1,1
TX0002529,2025-10-07,2025-10,SUP008,CAT03,270351.94,0,0
TX0002530,2025-10-03,2025-10,SUP051,CAT03,377198.35,1,1
TX0002531,2025-10-23,2025-10,SUP064,CAT03,147705.04,1,0
TX0002532,2025-10-06,2025-10,SUP053,CAT03,262898.59,1,1
TX0002533,2025-10-17,2025-10,SUP071,CAT04,147297.98,1,1
TX0002534,2025-10-25,2025-10,SUP018,CAT04,176503.75,1,1
TX0002535,2025-10-12,2025-10,SUP037,CAT04,29317.49,1,1
TX0002536,2025-10-03,2025-10,SUP049,CAT04,27636.29,1,1
TX0002537,2025-10-27,2025-10,SUP071,CAT04,545355.24,1,1
TX0002538,2025-10-04,2025-10,SUP018,CAT04,400938.54,1,1
TX0002539,2025-10-10,2025-10,SUP018,CAT04,632280.9,1,1
TX0002540,2025-10-10,2025-10,SUP071,CAT04,443152.2,1,1
TX0002541,2025-10-24,2025-10,SUP071,CAT04,50876.61,1,1
TX0002542,2025-10-12,2025-10,SUP037,CAT04,326098.57,1,1
TX0002543,2025-10-14,2025-10,SUP037,CAT04,150933.75,1,1
TX0002544,2025-10-10,2025-10,SUP037,CAT04,274265.54,1,1
TX0002545,2025-10-01,2025-10,SUP049,CAT04,229669.92,1,1
TX0002546,2025-10-27,2025-10,SUP037,CAT04,299617.92,1,1
TX0002547,2025-10-05,2025-10,SUP071,CAT04,169273.76,1,1
TX0002548,2025-10-03,2025-10,SUP018,CAT04,492474.7,1,1
TX0002549,2025-10-24,2025-10,SUP071,CAT04,94882.67,1,0
TX0002550,2025-10-11,2025-10,SUP018,CAT04,108676.84,1,1
TX0002551,2025-10-11,2025-10,SUP071,CAT04,109106.18,1,1
TX0002552,2025-10-07,2025-10,SUP018,CAT04,422382.6,1,1
TX0002553,2025-10-03,2025-10,SUP018,CAT04,499712.01,1,1
TX0002554,2025-10-04,2025-10,SUP018,CAT04,171413.12,1,1
TX0002555,2025-10-10,2025-10,SUP018,CAT04,213280.08,1,1
TX0002556,2025-10-26,2025-10,SUP056,CAT05,361269.24,1,1
TX0002557,2025-10-07,2025-10,SUP003,CAT05,428338.94,1,1
TX0002558,2025-10-18,2025-10,SUP048,CAT05,517344.88,1,1
TX0002559,2025-10-11,2025-10,SUP078,CAT05,193851.75,1,1
TX0002560,2025-10-23,2025-10,SUP028,CAT05,357738.89,0,0
TX0002561,2025-10-26,2025-10,SUP078,CAT05,107723.64,1,1
TX0002562,2025-10-06,2025-10,SUP077,CAT05,282045.97,1,1
TX0002563,2025-10-11,2025-10,SUP028,CAT05,177083.9,1,1
TX0002564,2025-10-18,2025-10,SUP048,CAT05,46218.56,1,1
TX0002565,2025-10-13,2025-10,SUP031,CAT05,956625.93,1,1
TX0002566,2025-10-16,2025-10,SUP078,CAT05,119042.29,1,1
TX0002567,2025-10-15,2025-10,SUP077,CAT05,267366.08,1,1
TX0002568,2025-10-07,2025-10,SUP001,CAT05,255784.01,1,1
TX0002569,2025-10-20,2025-10,SUP077,CAT05,231350.65,1,1
TX0002570,2025-10-13,2025-10,SUP056,CAT05,96975.45,1,1
TX0002571,2025-10-12,2025-10,SUP077,CAT05,619614.09,1,1
TX0002572,2025-10-22,2025-10,SUP001,CAT05,382832.6,0,1
TX0002573,2025-10-14,2025-10,SUP001,CAT05,161895.28,1,1
TX0002574,2025-10-06,2025-10,SUP048,CAT05,791702.59,1,1
TX0002575,2025-10-21,2025-10,SUP077,CAT05,229375.21,0,1
TX0002576,2025-10-15,2025-10,SUP077,CAT05,268416.42,1,1
TX0002577,2025-10-07,2025-10,SUP048,CAT05,767117.56,1,1
TX0002578,2025-10-04,2025-10,SUP048,CAT05,280639.9,1,0
TX0002579,2025-10-16,2025-10,SUP077,CAT05,372017.65,0,0
TX0002580,2025-10-08,2025-10,SUP001,CAT05,148833.84,1,1
TX0002581,2025-10-21,2025-10,SUP050,CAT06,71659.87,1,1
TX0002582,2025-10-08,2025-10,SUP050,CAT06,499886.04,1,1
TX0002583,2025-10-07,2025-10,SUP069,CAT06,161381.79,0,1
TX0002584,2025-10-09,2025-10,SUP069,CAT06,259442.58,0,1
TX0002585,2025-10-27,2025-10,SUP076,CAT06,320212.77,1,1
TX0002586,2025-10-08,2025-10,SUP067,CAT06,173686.54,1,1
TX0002587,2025-10-18,2025-10,SUP067,CAT06,489755.94,1,1
TX0002588,2025-10-26,2025-10,SUP033,CAT06,357595.91,1,1
TX0002589,2025-10-08,2025-10,SUP069,CAT06,329936.46,1,1
TX0002590,2025-10-23,2025-10,SUP069,CAT06,295079.0,1,0
TX0002591,2025-10-15,2025-10,SUP069,CAT06,75214.43,0,1
TX0002592,2025-10-01,2025-10,SUP050,CAT06,124171.08,1,1
TX0002593,2025-10-20,2025-10,SUP069,CAT06,292369.44,1,1
TX0002594,2025-10-01,2025-10,SUP020,CAT06,178143.04,0,1
TX0002595,2025-10-01,2025-10,SUP067,CAT06,210085.72,1,1
TX0002596,2025-10-20,2025-10,SUP067,CAT06,233544.39,0,0
TX0002597,2025-10-23,2025-10,SUP067,CAT06,332332.15,1,1
TX0002598,2025-10-19,2025-10,SUP069,CAT06,508729.09,1,1
TX0002599,2025-10-17,2025-10,SUP068,CAT06,545618.41,1,1
TX0002600,2025-10-20,2025-10,SUP020,CAT06,455370.5,1,1
TX0002601,2025-10-22,2025-10,SUP038,CAT06,224506.85,0,0
TX0002602,2025-10-22,2025-10,SUP067,CAT06,271653.92,0,1
TX0002603,2025-10-26,2025-10,SUP069,CAT06,58528.69,1,1
TX0002604,2025-10-18,2025-10,SUP067,CAT06,111601.96,0,1
TX0002605,2025-10-13,2025-10,SUP050,CAT06,166592.19,0,1
TX0002606,2025-10-21,2025-10,SUP020,CAT06,82632.58,1,1
TX0002607,2025-10-04,2025-10,SUP069,CAT06,162522.54,1,1
TX0002608,2025-10-21,2025-10,SUP067,CAT06,225922.12,1,1
TX0002609,2025-11-17,2025-11,SUP017,CAT01,226169.02,1,1
TX0002610,2025-11-04,2025-11,SUP075,CAT01,222169.9,1,1
TX0002611,2025-11-23,2025-11,SUP006,CAT01,191116.61,1,1
TX0002612,2025-11-02,2025-11,SUP046,CAT01,314082.07,1,1
TX0002613,2025-11-04,2025-11,SUP079,CAT01,355592.8,1,1
TX0002614,2025-11-13,2025-11,SUP046,CAT01,1039545.89,1,1
TX0002615,2025-11-01,2025-11,SUP066,CAT01,787460.19,1,1
TX0002616,2025-11-24,2025-11,SUP080,CAT01,2044689.49,1,1
TX0002617,2025-11-26,2025-11,SUP046,CAT01,1179380.76,1,1
TX0002618,2025-11-07,2025-11,SUP066,CAT01,1204700.63,1,0
TX0002619,2025-11-02,2025-11,SUP005,CAT01,509455.93,1,1
TX0002620,2025-11-09,2025-11,SUP022,CAT01,2058065.01,1,1
TX0002621,2025-11-01,2025-11,SUP017,CAT01,483659.0,1,1
TX0002622,2025-11-10,2025-11,SUP066,CAT01,267865.28,1,1
TX0002623,2025-11-24,2025-11,SUP046,CAT01,2664622.72,1,1
TX0002624,2025-11-06,2025-11,SUP046,CAT01,1017373.52,1,1
TX0002625,2025-11-18,2025-11,SUP072,CAT01,156748.33,1,1
TX0002626,2025-11-18,2025-11,SUP006,CAT01,1145526.03,0,1
TX0002627,2025-11-01,2025-11,SUP075,CAT01,965394.34,1,1
TX0002628,2025-11-20,2025-11,SUP009,CAT01,2943688.39,1,1
TX0002629,2025-11-11,2025-11,SUP022,CAT01,751078.11,1,1
TX0002630,2025-11-19,2025-11,SUP035,CAT02,171940.61,1,1
TX0002631,2025-11-14,2025-11,SUP035,CAT02,385773.08,1,0
TX0002632,2025-11-14,2025-11,SUP025,CAT02,106312.26,1,1
TX0002633,2025-11-25,2025-11,SUP025,CAT02,201154.21,0,0
TX0002634,2025-11-13,2025-11,SUP035,CAT02,255762.4,1,1
TX0002635,2025-11-09,2025-11,SUP021,CAT02,671221.01,0,0
TX0002636,2025-11-13,2025-11,SUP035,CAT02,769401.72,0,0
TX0002637,2025-11-09,2025-11,SUP021,CAT02,311249.54,1,0
TX0002638,2025-11-25,2025-11,SUP002,CAT02,426070.39,0,0
TX0002639,2025-11-22,2025-11,SUP035,CAT02,1261024.37,1,1
TX0002640,2025-11-06,2025-11,SUP035,CAT02,331947.8,1,1
TX0002641,2025-11-13,2025-11,SUP063,CAT02,334402.06,1,1
TX0002642,2025-11-05,2025-11,SUP021,CAT02,315963.76,0,1
TX0002643,2025-11-23,2025-11,SUP035,CAT02,187119.41,1,1
TX0002644,2025-11-12,2025-11,SUP061,CAT02,222343.85,1,1
TX0002645,2025-11-03,2025-11,SUP035,CAT02,107036.39,0,1
TX0002646,2025-11-03,2025-11,SUP062,CAT02,149772.43,1,1
TX0002647,2025-11-02,2025-11,SUP063,CAT02,398087.83,1,1
TX0002648,2025-11-19,2025-11,SUP035,CAT02,599230.34,0,0
TX0002649,2025-11-10,2025-11,SUP063,CAT02,391577.74,1,1
TX0002650,2025-11-09,2025-11,SUP035,CAT02,757610.08,1,1
TX0002651,2025-11-26,2025-11,SUP035,CAT02,778903.47,1,1
TX0002652,2025-11-27,2025-11,SUP059,CAT02,208041.37,1,1
TX0002653,2025-11-01,2025-11,SUP052,CAT02,275046.8,1,1
TX0002654,2025-11-11,2025-11,SUP021,CAT02,294403.93,1,1
TX0002655,2025-11-16,2025-11,SUP021,CAT02,168772.17,0,0
TX0002656,2025-11-13,2025-11,SUP021,CAT02,303833.85,1,1
TX0002657,2025-11-20,2025-11,SUP052,CAT02,242652.86,1,1
TX0002658,2025-11-05,2025-11,SUP021,CAT02,241312.26,0,0
TX0002659,2025-11-25,2025-11,SUP036,CAT03,411820.35,1,1
TX0002660,2025-11-09,2025-11,SUP008,CAT03,316342.63,0,0
TX0002661,2025-11-15,2025-11,SUP064,CAT03,165812.05,0,1
TX0002662,2025-11-20,2025-11,SUP058,CAT03,152909.21,1,1
TX0002663,2025-11-20,2025-11,SUP053,CAT03,234542.02,1,1
TX0002664,2025-11-22,2025-11,SUP053,CAT03,249547.07,1,1
TX0002665,2025-11-18,2025-11,SUP019,CAT03,96416.46,1,1
TX0002666,2025-11-22,2025-11,SUP064,CAT03,199822.74,1,1
TX0002667,2025-11-07,2025-11,SUP064,CAT03,186669.18,1,1
TX0002668,2025-11-24,2025-11,SUP058,CAT03,139110.4,0,1
TX0002669,2025-11-12,2025-11,SUP039,CAT03,171759.93,0,0
TX0002670,2025-11-26,2025-11,SUP008,CAT03,292132.58,1,1
TX0002671,2025-11-04,2025-11,SUP008,CAT03,489800.06,0,1
TX0002672,2025-11-17,2025-11,SUP008,CAT03,324384.87,1,0
TX0002673,2025-11-03,2025-11,SUP053,CAT03,144581.96,1,1
TX0002674,2025-11-03,2025-11,SUP060,CAT03,124027.71,1,0
TX0002675,2025-11-15,2025-11,SUP064,CAT03,586453.58,0,0
TX0002676,2025-11-21,2025-11,SUP014,CAT03,298679.96,1,1
TX0002677,2025-11-10,2025-11,SUP019,CAT03,465627.58,1,1
TX0002678,2025-11-25,2025-11,SUP008,CAT03,317846.51,1,1
TX0002679,2025-11-05,2025-11,SUP073,CAT03,217681.94,1,1
TX0002680,2025-11-15,2025-11,SUP060,CAT03,367202.34,1,1
TX0002681,2025-11-04,2025-11,SUP040,CAT03,228330.8,1,1
TX0002682,2025-11-08,2025-11,SUP051,CAT03,177119.41,1,1
TX0002683,2025-11-03,2025-11,SUP047,CAT03,288006.25,1,0
TX0002684,2025-11-27,2025-11,SUP014,CAT03,9117.58,1,0
TX0002685,2025-11-08,2025-11,SUP014,CAT03,112841.16,0,1
TX0002686,2025-11-18,2025-11,SUP019,CAT03,188622.24,1,1
TX0002687,2025-11-27,2025-11,SUP014,CAT03,288103.44,0,1
TX0002688,2025-11-18,2025-11,SUP049,CAT04,145684.47,1,1
TX0002689,2025-11-15,2025-11,SUP018,CAT04,241168.69,1,1
TX0002690,2025-11-11,2025-11,SUP018,CAT04,103573.77,1,1
TX0002691,2025-11-15,2025-11,SUP018,CAT04,44854.04,1,1
TX0002692,2025-11-06,2025-11,SUP049,CAT04,154206.31,1,1
TX0002693,2025-11-17,2025-11,SUP071,CAT04,716662.77,1,1
TX0002694,2025-11-02,2025-11,SUP071,CAT04,74062.99,1,1
TX0002695,2025-11-11,2025-11,SUP071,CAT04,107380.05,1,1
TX0002696,2025-11-10,2025-11,SUP037,CAT04,234623.95,1,1
TX0002697,2025-11-04,2025-11,SUP018,CAT04,189129.24,1,1
TX0002698,2025-11-23,2025-11,SUP071,CAT04,330638.54,1,1
TX0002699,2025-11-09,2025-11,SUP037,CAT04,138265.74,1,1
TX0002700,2025-11-27,2025-11,SUP018,CAT04,189519.79,1,1
TX0002701,2025-11-16,2025-11,SUP037,CAT04,476041.93,1,1
TX0002702,2025-11-10,2025-11,SUP049,CAT04,341238.01,1,1
TX0002703,2025-11-26,2025-11,SUP024,CAT04,198332.17,1,1
TX0002704,2025-11-23,2025-11,SUP012,CAT04,250532.96,1,1
TX0002705,2025-11-07,2025-11,SUP049,CAT04,190173.78,0,1
TX0002706,2025-11-08,2025-11,SUP018,CAT04,55775.12,1,1
TX0002707,2025-11-17,2025-11,SUP037,CAT04,588220.6,1,1
TX0002708,2025-11-25,2025-11,SUP071,CAT04,93988.5,1,1
TX0002709,2025-11-02,2025-11,SUP071,CAT04,147056.43,1,1
TX0002710,2025-11-09,2025-11,SUP037,CAT04,948699.37,1,1
TX0002711,2025-11-06,2025-11,SUP018,CAT04,77930.76,1,1
TX0002712,2025-11-22,2025-11,SUP048,CAT05,329254.96,1,1
TX0002713,2025-11-14,2025-11,SUP056,CAT05,611412.03,1,1
TX0002714,2025-11-10,2025-11,SUP028,CAT05,197903.56,1,1
TX0002715,2025-11-10,2025-11,SUP078,CAT05,669499.59,1,1
TX0002716,2025-11-06,2025-11,SUP078,CAT05,333239.83,1,1
TX0002717,2025-11-27,2025-11,SUP078,CAT05,554375.01,0,0
TX0002718,2025-11-13,2025-11,SUP078,CAT05,201294.72,0,1
TX0002719,2025-11-11,2025-11,SUP048,CAT05,321868.0,1,1
TX0002720,2025-11-12,2025-11,SUP048,CAT05,1111199.04,1,1
TX0002721,2025-11-03,2025-11,SUP078,CAT05,320035.56,1,1
TX0002722,2025-11-13,2025-11,SUP048,CAT05,585893.04,1,0
TX0002723,2025-11-07,2025-11,SUP003,CAT05,636858.38,0,1
TX0002724,2025-11-15,2025-11,SUP048,CAT05,469185.74,1,1
TX0002725,2025-11-13,2025-11,SUP078,CAT05,529498.65,1,1
TX0002726,2025-11-17,2025-11,SUP078,CAT05,201799.62,1,1
TX0002727,2025-11-04,2025-11,SUP078,CAT05,149878.74,1,1
TX0002728,2025-11-15,2025-11,SUP048,CAT05,122279.55,1,1
TX0002729,2025-11-04,2025-11,SUP048,CAT05,407369.69,1,1
TX0002730,2025-11-03,2025-11,SUP048,CAT05,313043.86,1,1
TX0002731,2025-11-18,2025-11,SUP078,CAT05,386974.44,0,1
TX0002732,2025-11-22,2025-11,SUP069,CAT06,637368.96,0,1
TX0002733,2025-11-11,2025-11,SUP069,CAT06,277190.9,1,1
TX0002734,2025-11-11,2025-11,SUP069,CAT06,81863.92,1,1
TX0002735,2025-11-18,2025-11,SUP033,CAT06,154133.34,0,0
TX0002736,2025-11-09,2025-11,SUP069,CAT06,383587.92,1,1
TX0002737,2025-11-02,2025-11,SUP050,CAT06,450986.98,1,1
TX0002738,2025-11-03,2025-11,SUP020,CAT06,250599.8,0,1
TX0002739,2025-11-17,2025-11,SUP020,CAT06,276066.27,1,1
TX0002740,2025-11-10,2025-11,SUP067,CAT06,250940.9,1,1
TX0002741,2025-11-08,2025-11,SUP020,CAT06,119609.76,1,1
TX0002742,2025-11-23,2025-11,SUP069,CAT06,578159.51,0,0
TX0002743,2025-11-02,2025-11,SUP069,CAT06,895010.55,0,0
TX0002744,2025-11-19,2025-11,SUP020,CAT06,390877.79,1,1
TX0002745,2025-11-16,2025-11,SUP069,CAT06,84070.15,0,1
TX0002746,2025-11-19,2025-11,SUP069,CAT06,734827.16,1,1
TX0002747,2025-11-20,2025-11,SUP020,CAT06,330074.6,1,1
TX0002748,2025-11-01,2025-11,SUP069,CAT06,296938.57,1,1
TX0002749,2025-11-03,2025-11,SUP076,CAT06,450841.37,1,1
TX0002750,2025-11-11,2025-11,SUP069,CAT06,102000.79,0,0
TX0002751,2025-11-21,2025-11,SUP067,CAT06,218861.47,1,1
TX0002752,2025-11-12,2025-11,SUP069,CAT06,281301.27,1,1
TX0002753,2025-12-19,2025-12,SUP022,CAT01,639573.53,1,1
TX0002754,2025-12-26,2025-12,SUP066,CAT01,285217.14,1,1
TX0002755,2025-12-13,2025-12,SUP075,CAT01,1100387.24,1,1
TX0002756,2025-12-27,2025-12,SUP017,CAT01,1694204.3,1,1
TX0002757,2025-12-13,2025-12,SUP022,CAT01,2297407.29,1,1
TX0002758,2025-12-25,2025-12,SUP057,CAT01,1248509.99,1,1
TX0002759,2025-12-08,2025-12,SUP015,CAT01,837290.88,1,1
TX0002760,2025-12-21,2025-12,SUP066,CAT01,425319.2,1,1
TX0002761,2025-12-11,2025-12,SUP029,CAT01,1969776.96,1,1
TX0002762,2025-12-27,2025-12,SUP010,CAT01,1034282.65,1,1
TX0002763,2025-12-06,2025-12,SUP066,CAT01,149321.64,1,1
TX0002764,2025-12-08,2025-12,SUP022,CAT01,2992612.95,1,1
TX0002765,2025-12-18,2025-12,SUP015,CAT01,302383.04,1,1
TX0002766,2025-12-09,2025-12,SUP015,CAT01,1716402.08,1,1
TX0002767,2025-12-27,2025-12,SUP066,CAT01,971953.64,1,1
TX0002768,2025-12-11,2025-12,SUP072,CAT01,162557.01,1,1
TX0002769,2025-12-24,2025-12,SUP022,CAT01,763680.42,1,1
TX0002770,2025-12-07,2025-12,SUP006,CAT01,641047.91,1,1
TX0002771,2025-12-26,2025-12,SUP009,CAT01,207005.44,1,1
TX0002772,2025-12-06,2025-12,SUP021,CAT02,276167.29,1,1
TX0002773,2025-12-17,2025-12,SUP055,CAT02,165500.02,1,1
TX0002774,2025-12-24,2025-12,SUP035,CAT02,114023.24,1,1
TX0002775,2025-12-12,2025-12,SUP013,CAT02,441131.17,1,1
TX0002776,2025-12-24,2025-12,SUP035,CAT02,404395.47,1,1
TX0002777,2025-12-26,2025-12,SUP025,CAT02,627488.53,1,1
TX0002778,2025-12-22,2025-12,SUP061,CAT02,211391.01,1,1
TX0002779,2025-12-11,2025-12,SUP061,CAT02,336744.92,1,1
TX0002780,2025-12-11,2025-12,SUP052,CAT02,511606.25,1,1
TX0002781,2025-12-21,2025-12,SUP035,CAT02,929358.63,1,1
TX0002782,2025-12-22,2025-12,SUP059,CAT02,596394.94,1,1
TX0002783,2025-12-21,2025-12,SUP035,CAT02,676316.57,0,1
TX0002784,2025-12-23,2025-12,SUP055,CAT02,258208.71,1,1
TX0002785,2025-12-07,2025-12,SUP021,CAT02,447419.19,1,1
TX0002786,2025-12-24,2025-12,SUP055,CAT02,839563.74,1,1
TX0002787,2025-12-17,2025-12,SUP035,CAT02,323835.81,1,1
TX0002788,2025-12-18,2025-12,SUP021,CAT02,449369.15,0,0
TX0002789,2025-12-13,2025-12,SUP063,CAT02,69915.47,1,0
TX0002790,2025-12-19,2025-12,SUP035,CAT02,547524.3,1,1
TX0002791,2025-12-01,2025-12,SUP055,CAT02,398025.78,1,1
TX0002792,2025-12-17,2025-12,SUP007,CAT02,521918.76,1,1
TX0002793,2025-12-13,2025-12,SUP035,CAT02,263265.9,1,1
TX0002794,2025-12-15,2025-12,SUP035,CAT02,52643.03,1,1
TX0002795,2025-12-08,2025-12,SUP011,CAT02,566062.89,1,1
TX0002796,2025-12-22,2025-12,SUP035,CAT02,184260.19,1,1
TX0002797,2025-12-15,2025-12,SUP035,CAT02,78669.07,1,1
TX0002798,2025-12-02,2025-12,SUP053,CAT03,336409.98,1,1
TX0002799,2025-12-05,2025-12,SUP060,CAT03,59341.45,1,1
TX0002800,2025-12-21,2025-12,SUP051,CAT03,617148.26,1,1
TX0002801,2025-12-19,2025-12,SUP064,CAT03,326333.37,1,1
TX0002802,2025-12-10,2025-12,SUP008,CAT03,74208.11,1,1
TX0002803,2025-12-11,2025-12,SUP064,CAT03,762038.54,1,1
TX0002804,2025-12-12,2025-12,SUP053,CAT03,272316.94,1,1
TX0002805,2025-12-27,2025-12,SUP014,CAT03,92386.9,0,1
TX0002806,2025-12-27,2025-12,SUP073,CAT03,976598.48,0,1
TX0002807,2025-12-02,2025-12,SUP064,CAT03,238171.58,0,0
TX0002808,2025-12-07,2025-12,SUP064,CAT03,149147.91,0,0
TX0002809,2025-12-06,2025-12,SUP064,CAT03,348861.69,1,1
TX0002810,2025-12-07,2025-12,SUP036,CAT03,103325.97,1,1
TX0002811,2025-12-03,2025-12,SUP014,CAT03,193349.96,1,1
TX0002812,2025-12-22,2025-12,SUP014,CAT03,702378.0,0,1
TX0002813,2025-12-09,2025-12,SUP064,CAT03,242847.32,0,0
TX0002814,2025-12-05,2025-12,SUP060,CAT03,405183.47,1,1
TX0002815,2025-12-26,2025-12,SUP073,CAT03,723941.12,1,1
TX0002816,2025-12-03,2025-12,SUP064,CAT03,236810.94,1,1
TX0002817,2025-12-02,2025-12,SUP071,CAT04,305063.06,0,1
TX0002818,2025-12-22,2025-12,SUP018,CAT04,219755.65,1,1
TX0002819,2025-12-08,2025-12,SUP018,CAT04,378135.92,1,1
TX0002820,2025-12-09,2025-12,SUP049,CAT04,210490.57,1,1
TX0002821,2025-12-14,2025-12,SUP071,CAT04,136642.6,0,1
TX0002822,2025-12-01,2025-12,SUP018,CAT04,465875.96,1,1
TX0002823,2025-12-26,2025-12,SUP071,CAT04,473624.13,1,1
TX0002824,2025-12-22,2025-12,SUP037,CAT04,202465.61,1,1
TX0002825,2025-12-17,2025-12,SUP012,CAT04,326757.64,1,1
TX0002826,2025-12-12,2025-12,SUP037,CAT04,31752.47,1,1
TX0002827,2025-12-04,2025-12,SUP018,CAT04,303503.22,1,1
TX0002828,2025-12-08,2025-12,SUP049,CAT04,677897.76,1,1
TX0002829,2025-12-04,2025-12,SUP018,CAT04,203864.74,1,1
TX0002830,2025-12-20,2025-12,SUP037,CAT04,689082.12,1,1
TX0002831,2025-12-08,2025-12,SUP018,CAT04,474796.59,1,1
TX0002832,2025-12-15,2025-12,SUP071,CAT04,157184.12,1,0
TX0002833,2025-12-01,2025-12,SUP071,CAT04,240834.78,1,1
TX0002834,2025-12-24,2025-12,SUP037,CAT04,190711.87,0,1
TX0002835,2025-12-16,2025-12,SUP037,CAT04,28894.52,1,1
TX0002836,2025-12-16,2025-12,SUP031,CAT05,261629.78,1,1
TX0002837,2025-12-05,2025-12,SUP078,CAT05,261608.33,1,1
TX0002838,2025-12-22,2025-12,SUP028,CAT05,147609.42,1,1
TX0002839,2025-12-11,2025-12,SUP077,CAT05,300612.92,1,1
TX0002840,2025-12-25,2025-12,SUP048,CAT05,487095.59,1,1
TX0002841,2025-12-01,2025-12,SUP078,CAT05,452941.32,1,1
TX0002842,2025-12-16,2025-12,SUP070,CAT05,168117.41,0,1
TX0002843,2025-12-15,2025-12,SUP077,CAT05,529851.12,0,1
TX0002844,2025-12-09,2025-12,SUP078,CAT05,968946.87,0,1
TX0002845,2025-12-04,2025-12,SUP078,CAT05,400454.62,1,1
TX0002846,2025-12-17,2025-12,SUP077,CAT05,197258.47,1,1
TX0002847,2025-12-05,2025-12,SUP078,CAT05,104280.94,0,0
TX0002848,2025-12-01,2025-12,SUP077,CAT05,515819.28,1,1
TX0002849,2025-12-25,2025-12,SUP056,CAT05,454428.65,0,1
TX0002850,2025-12-09,2025-12,SUP003,CAT05,735454.35,1,1
TX0002851,2025-12-06,2025-12,SUP078,CAT05,169988.09,0,0
TX0002852,2025-12-22,2025-12,SUP078,CAT05,716340.99,1,1
TX0002853,2025-12-20,2025-12,SUP031,CAT05,1131828.51,1,1
TX0002854,2025-12-14,2025-12,SUP050,CAT06,400317.23,1,1
TX0002855,2025-12-09,2025-12,SUP069,CAT06,226341.7,0,1
TX0002856,2025-12-11,2025-12,SUP069,CAT06,65087.34,1,1
TX0002857,2025-12-01,2025-12,SUP020,CAT06,614873.09,1,1
TX0002858,2025-12-15,2025-12,SUP067,CAT06,163255.63,1,1
TX0002859,2025-12-12,2025-12,SUP067,CAT06,186003.38,0,1
TX0002860,2025-12-26,2025-12,SUP069,CAT06,199537.36,0,0
TX0002861,2025-12-20,2025-12,SUP020,CAT06,364353.32,1,1
TX0002862,2025-12-06,2025-12,SUP069,CAT06,173624.92,0,1
TX0002863,2025-12-04,2025-12,SUP069,CAT06,205754.14,0,0
TX0002864,2025-12-06,2025-12,SUP067,CAT06,495421.1,1,0
TX0002865,2025-12-26,2025-12,SUP050,CAT06,454047.98,1,1
TX0002866,2025-12-27,2025-12,SUP020,CAT06,196038.19,1,1
TX0002867,2025-12-27,2025-12,SUP020,CAT06,201390.8,1,1
TX0002868,2025-12-14,2025-12,SUP069,CAT06,12183.38,1,1
TX0002869,2025-12-15,2025-12,SUP069,CAT06,259757.47,1,1
TX0002870,2025-12-06,2025-12,SUP020,CAT06,410889.98,0,1
TX0002871,2025-12-08,2025-12,SUP069,CAT06,166280.91,0,0
TX0002872,2025-12-18,2025-12,SUP038,CAT06,554290.36,1,1
TX0002873,2025-12-24,2025-12,SUP067,CAT06,43189.29,0,1
TX0002874,2025-12-07,2025-12,SUP069,CAT06,105745.78,0,1
TX0002875,2025-12-13,2025-12,SUP067,CAT06,524986.04,1,1
TX0002876,2025-12-13,2025-12,SUP067,CAT06,399638.91,1,1
TX0002877,2025-12-11,2025-12,SUP069,CAT06,40260.15,1,1
TX0002878,2025-12-15,2025-12,SUP038,CAT06,49622.03,1,1
TX0002879,2025-12-22,2025-12,SUP076,CAT06,347909.53,0,0
TX0002880,2026-01-09,2026-01,SUP004,CAT01,1033171.03,1,1
TX0002881,2026-01-24,2026-01,SUP017,CAT01,1343332.48,1,1
TX0002882,2026-01-23,2026-01,SUP046,CAT01,742917.09,1,1
TX0002883,2026-01-22,2026-01,SUP022,CAT01,740926.25,1,1
TX0002884,2026-01-08,2026-01,SUP010,CAT01,268564.46,1,1
TX0002885,2026-01-10,2026-01,SUP065,CAT01,1453816.73,1,1
TX0002886,2026-01-16,2026-01,SUP005,CAT01,158038.92,1,1
TX0002887,2026-01-08,2026-01,SUP027,CAT01,242722.64,1,1
TX0002888,2026-01-16,2026-01,SUP029,CAT01,794140.34,1,1
TX0002889,2026-01-03,2026-01,SUP046,CAT01,1719541.25,1,1
TX0002890,2026-01-22,2026-01,SUP017,CAT01,825565.73,1,1
TX0002891,2026-01-17,2026-01,SUP004,CAT01,308519.29,1,1
TX0002892,2026-01-10,2026-01,SUP066,CAT01,422256.15,1,1
TX0002893,2026-01-06,2026-01,SUP072,CAT01,136757.7,0,1
TX0002894,2026-01-21,2026-01,SUP022,CAT01,773121.98,1,1
TX0002895,2026-01-13,2026-01,SUP004,CAT01,858013.06,1,1
TX0002896,2026-01-15,2026-01,SUP029,CAT01,266109.69,1,1
TX0002897,2026-01-17,2026-01,SUP017,CAT01,519684.62,1,1
TX0002898,2026-01-18,2026-01,SUP015,CAT01,233772.84,1,1
TX0002899,2026-01-26,2026-01,SUP015,CAT01,1249321.63,1,1
TX0002900,2026-01-19,2026-01,SUP015,CAT01,1670141.56,1,1
TX0002901,2026-01-21,2026-01,SUP017,CAT01,621361.12,1,1
TX0002902,2026-01-12,2026-01,SUP017,CAT01,1713584.36,1,1
TX0002903,2026-01-14,2026-01,SUP066,CAT01,131825.73,1,1
TX0002904,2026-01-02,2026-01,SUP022,CAT01,1284260.04,0,1
TX0002905,2026-01-02,2026-01,SUP035,CAT02,811326.99,1,1
TX0002906,2026-01-14,2026-01,SUP021,CAT02,100005.86,1,1
TX0002907,2026-01-14,2026-01,SUP021,CAT02,755164.62,1,1
TX0002908,2026-01-16,2026-01,SUP035,CAT02,297498.38,0,0
TX0002909,2026-01-23,2026-01,SUP035,CAT02,737584.39,1,1
TX0002910,2026-01-01,2026-01,SUP021,CAT02,225596.02,1,1
TX0002911,2026-01-24,2026-01,SUP025,CAT02,926114.98,1,0
TX0002912,2026-01-11,2026-01,SUP021,CAT02,1250223.63,1,1
TX0002913,2026-01-23,2026-01,SUP025,CAT02,293434.33,0,0
TX0002914,2026-01-02,2026-01,SUP025,CAT02,293416.65,1,1
TX0002915,2026-01-03,2026-01,SUP021,CAT02,69055.27,0,1
TX0002916,2026-01-03,2026-01,SUP016,CAT02,845478.22,1,1
TX0002917,2026-01-23,2026-01,SUP055,CAT02,276162.44,1,1
TX0002918,2026-01-26,2026-01,SUP055,CAT02,283663.44,1,1
TX0002919,2026-01-09,2026-01,SUP002,CAT02,802349.83,1,1
TX0002920,2026-01-05,2026-01,SUP035,CAT02,177130.87,1,1
TX0002921,2026-01-14,2026-01,SUP021,CAT02,446371.32,1,1
TX0002922,2026-01-04,2026-01,SUP042,CAT02,1104085.17,1,1
TX0002923,2026-01-10,2026-01,SUP055,CAT02,310845.2,1,1
TX0002924,2026-01-07,2026-01,SUP035,CAT02,115681.75,1,1
TX0002925,2026-01-15,2026-01,SUP035,CAT02,208410.63,0,0
TX0002926,2026-01-13,2026-01,SUP053,CAT03,324026.42,1,1
TX0002927,2026-01-08,2026-01,SUP014,CAT03,25761.37,1,1
TX0002928,2026-01-10,2026-01,SUP014,CAT03,538548.0,1,1
TX0002929,2026-01-01,2026-01,SUP036,CAT03,818625.26,0,0
TX0002930,2026-01-03,2026-01,SUP039,CAT03,317526.66,1,1
TX0002931,2026-01-10,2026-01,SUP047,CAT03,108213.07,1,1
TX0002932,2026-01-25,2026-01,SUP053,CAT03,181793.44,1,1
TX0002933,2026-01-27,2026-01,SUP051,CAT03,112741.49,1,1
TX0002934,2026-01-14,2026-01,SUP040,CAT03,755170.46,1,1
TX0002935,2026-01-15,2026-01,SUP036,CAT03,195640.77,1,1
TX0002936,2026-01-24,2026-01,SUP014,CAT03,328391.57,0,0
TX0002937,2026-01-13,2026-01,SUP053,CAT03,234176.59,0,1
TX0002938,2026-01-23,2026-01,SUP019,CAT03,404715.3,1,1
TX0002939,2026-01-14,2026-01,SUP064,CAT03,135908.77,1,1
TX0002940,2026-01-05,2026-01,SUP051,CAT03,318969.81,1,1
TX0002941,2026-01-02,2026-01,SUP053,CAT03,197180.04,1,1
TX0002942,2026-01-09,2026-01,SUP047,CAT03,588006.12,1,1
TX0002943,2026-01-06,2026-01,SUP064,CAT03,29303.6,0,0
TX0002944,2026-01-11,2026-01,SUP039,CAT03,214999.11,1,1
TX0002945,2026-01-03,2026-01,SUP039,CAT03,550040.24,1,1
TX0002946,2026-01-05,2026-01,SUP064,CAT03,506661.89,0,0
TX0002947,2026-01-06,2026-01,SUP018,CAT04,74419.84,1,1
TX0002948,2026-01-26,2026-01,SUP049,CAT04,233242.61,1,1
TX0002949,2026-01-16,2026-01,SUP024,CAT04,539485.46,1,1
TX0002950,2026-01-23,2026-01,SUP018,CAT04,292931.46,1,1
TX0002951,2026-01-04,2026-01,SUP024,CAT04,249832.18,1,0
TX0002952,2026-01-05,2026-01,SUP018,CAT04,457174.24,1,1
TX0002953,2026-01-14,2026-01,SUP071,CAT04,339231.34,1,1
TX0002954,2026-01-24,2026-01,SUP018,CAT04,55391.02,1,1
TX0002955,2026-01-01,2026-01,SUP071,CAT04,278634.53,1,1
TX0002956,2026-01-17,2026-01,SUP037,CAT04,197510.0,1,1
TX0002957,2026-01-25,2026-01,SUP018,CAT04,242675.98,1,1
TX0002958,2026-01-06,2026-01,SUP037,CAT04,192892.52,1,1
TX0002959,2026-01-06,2026-01,SUP018,CAT04,281458.31,1,1
TX0002960,2026-01-07,2026-01,SUP071,CAT04,386076.92,1,1
TX0002961,2026-01-02,2026-01,SUP018,CAT04,90442.05,1,1
TX0002962,2026-01-05,2026-01,SUP071,CAT04,161334.2,1,1
TX0002963,2026-01-16,2026-01,SUP018,CAT04,446759.42,1,1
TX0002964,2026-01-01,2026-01,SUP024,CAT04,486913.82,1,1
TX0002965,2026-01-02,2026-01,SUP018,CAT04,732260.74,1,1
TX0002966,2026-01-03,2026-01,SUP078,CAT05,229276.59,1,1
TX0002967,2026-01-17,2026-01,SUP048,CAT05,445432.89,1,1
TX0002968,2026-01-19,2026-01,SUP048,CAT05,80904.09,0,0
TX0002969,2026-01-14,2026-01,SUP078,CAT05,26995.98,0,1
TX0002970,2026-01-02,2026-01,SUP078,CAT05,753009.13,1,1
TX0002971,2026-01-18,2026-01,SUP048,CAT05,58560.29,1,1
TX0002972,2026-01-01,2026-01,SUP078,CAT05,725165.33,1,1
TX0002973,2026-01-27,2026-01,SUP056,CAT05,37992.23,1,1
TX0002974,2026-01-17,2026-01,SUP070,CAT05,311880.79,1,1
TX0002975,2026-01-11,2026-01,SUP070,CAT05,321146.65,1,1
TX0002976,2026-01-16,2026-01,SUP078,CAT05,192917.04,1,1
TX0002977,2026-01-06,2026-01,SUP048,CAT05,442985.8,1,1
TX0002978,2026-01-04,2026-01,SUP078,CAT05,548723.44,1,1
TX0002979,2026-01-07,2026-01,SUP001,CAT05,247972.03,0,0
TX0002980,2026-01-07,2026-01,SUP077,CAT05,470523.36,0,1
TX0002981,2026-01-12,2026-01,SUP077,CAT05,873936.94,0,1
TX0002982,2026-01-21,2026-01,SUP078,CAT05,340202.63,1,1
TX0002983,2026-01-21,2026-01,SUP078,CAT05,199659.51,1,1
TX0002984,2026-01-11,2026-01,SUP078,CAT05,201721.21,0,1
TX0002985,2026-01-25,2026-01,SUP078,CAT05,164598.46,1,1
TX0002986,2026-01-08,2026-01,SUP048,CAT05,267289.01,0,0
TX0002987,2026-01-09,2026-01,SUP078,CAT05,204320.15,1,1
TX0002988,2026-01-13,2026-01,SUP056,CAT05,586081.4,1,1
TX0002989,2026-01-24,2026-01,SUP056,CAT05,302838.38,0,0
TX0002990,2026-01-17,2026-01,SUP069,CAT06,382150.63,1,1
TX0002991,2026-01-16,2026-01,SUP069,CAT06,410340.21,0,1
TX0002992,2026-01-26,2026-01,SUP069,CAT06,58688.91,1,0
TX0002993,2026-01-01,2026-01,SUP067,CAT06,182190.16,1,1
TX0002994,2026-01-06,2026-01,SUP038,CAT06,107945.56,1,1
TX0002995,2026-01-06,2026-01,SUP067,CAT06,243785.58,0,0
TX0002996,2026-01-21,2026-01,SUP069,CAT06,708369.6,1,1
TX0002997,2026-01-17,2026-01,SUP050,CAT06,352018.0,1,1
TX0002998,2026-01-20,2026-01,SUP069,CAT06,259390.73,1,1
TX0002999,2026-01-25,2026-01,SUP050,CAT06,312019.39,0,1
TX0003000,2026-01-20,2026-01,SUP069,CAT06,470701.88,0,1
TX0003001,2026-01-05,2026-01,SUP067,CAT06,330699.58,1,1
TX0003002,2026-01-22,2026-01,SUP020,CAT06,68598.9,1,1
TX0003003,2026-01-21,2026-01,SUP067,CAT06,552365.4,1,0
TX0003004,2026-01-25,2026-01,SUP069,CAT06,195860.06,0,0
TX0003005,2026-01-21,2026-01,SUP069,CAT06,236866.57,0,0
TX0003006,2026-01-05,2026-01,SUP067,CAT06,410015.0,1,1
TX0003007,2026-01-24,2026-01,SUP020,CAT06,685960.8,1,1
TX0003008,2026-01-21,2026-01,SUP069,CAT06,128784.64,0,1
TX0003009,2026-01-14,2026-01,SUP067,CAT06,394938.85,1,1
TX0003010,2026-01-04,2026-01,SUP050,CAT06,122491.29,1,1
TX0003011,2026-01-02,2026-01,SUP069,CAT06,222975.25,0,1
TX0003012,2026-01-11,2026-01,SUP020,CAT06,49242.99,1,1
TX0003013,2026-02-11,2026-02,SUP066,CAT01,1117646.15,1,1
TX0003014,2026-02-05,2026-02,SUP066,CAT01,1467956.16,1,1
TX0003015,2026-02-11,2026-02,SUP054,CAT01,1530023.07,1,1
TX0003016,2026-02-01,2026-02,SUP010,CAT01,1587371.03,1,1
TX0003017,2026-02-23,2026-02,SUP005,CAT01,912829.3,1,1
TX0003018,2026-02-02,2026-02,SUP022,CAT01,1448054.94,1,1
TX0003019,2026-02-18,2026-02,SUP022,CAT01,918872.92,1,1
TX0003020,2026-02-07,2026-02,SUP017,CAT01,1849499.47,1,1
TX0003021,2026-02-23,2026-02,SUP065,CAT01,295455.98,1,1
TX0003022,2026-02-12,2026-02,SUP057,CAT01,640849.67,1,1
TX0003023,2026-02-09,2026-02,SUP080,CAT01,554613.43,1,1
TX0003024,2026-02-25,2026-02,SUP022,CAT01,855209.36,1,1
TX0003025,2026-02-03,2026-02,SUP066,CAT01,752747.51,1,1
TX0003026,2026-02-20,2026-02,SUP065,CAT01,274206.1,1,1
TX0003027,2026-02-01,2026-02,SUP080,CAT01,971287.22,1,1
TX0003028,2026-02-07,2026-02,SUP065,CAT01,1366790.67,1,1
TX0003029,2026-02-01,2026-02,SUP017,CAT01,747305.37,1,1
TX0003030,2026-02-13,2026-02,SUP004,CAT01,348151.09,1,1
TX0003031,2026-02-25,2026-02,SUP080,CAT01,520378.59,1,1
TX0003032,2026-02-14,2026-02,SUP054,CAT01,774733.31,1,1
TX0003033,2026-02-07,2026-02,SUP066,CAT01,312700.76,1,1
TX0003034,2026-02-03,2026-02,SUP066,CAT01,337317.92,1,1
TX0003035,2026-02-03,2026-02,SUP025,CAT02,735002.54,1,1
TX0003036,2026-02-06,2026-02,SUP021,CAT02,44207.49,0,1
TX0003037,2026-02-10,2026-02,SUP021,CAT02,235920.41,1,1
TX0003038,2026-02-21,2026-02,SUP025,CAT02,133531.86,0,0
TX0003039,2026-02-22,2026-02,SUP035,CAT02,1466687.44,1,1
TX0003040,2026-02-07,2026-02,SUP021,CAT02,41251.44,1,1
TX0003041,2026-02-19,2026-02,SUP021,CAT02,408007.92,1,1
TX0003042,2026-02-02,2026-02,SUP021,CAT02,618994.83,0,1
TX0003043,2026-02-24,2026-02,SUP025,CAT02,269766.53,0,1
TX0003044,2026-02-01,2026-02,SUP061,CAT02,52865.0,0,0
TX0003045,2026-02-11,2026-02,SUP025,CAT02,421169.82,0,1
TX0003046,2026-02-10,2026-02,SUP035,CAT02,266048.85,1,1
TX0003047,2026-02-02,2026-02,SUP034,CAT02,668223.76,1,1
TX0003048,2026-02-09,2026-02,SUP032,CAT02,845440.34,1,1
TX0003049,2026-02-12,2026-02,SUP052,CAT02,175835.67,1,0
TX0003050,2026-02-08,2026-02,SUP011,CAT02,289734.55,1,1
TX0003051,2026-02-11,2026-02,SUP055,CAT02,302017.54,1,1
TX0003052,2026-02-14,2026-02,SUP035,CAT02,837012.59,1,1
TX0003053,2026-02-12,2026-02,SUP025,CAT02,526488.93,1,1
TX0003054,2026-02-20,2026-02,SUP055,CAT02,182446.31,1,1
TX0003055,2026-02-05,2026-02,SUP025,CAT02,1023085.8,0,1
TX0003056,2026-02-09,2026-02,SUP063,CAT02,269089.05,1,1
TX0003057,2026-02-25,2026-02,SUP061,CAT02,332130.03,1,1
TX0003058,2026-02-09,2026-02,SUP021,CAT02,223041.28,1,1
TX0003059,2026-02-07,2026-02,SUP008,CAT03,9533.27,1,1
TX0003060,2026-02-16,2026-02,SUP064,CAT03,396112.44,1,1
TX0003061,2026-02-11,2026-02,SUP064,CAT03,218107.31,1,1
TX0003062,2026-02-24,2026-02,SUP047,CAT03,107072.47,1,1
TX0003063,2026-02-08,2026-02,SUP047,CAT03,374930.76,1,1
TX0003064,2026-02-11,2026-02,SUP053,CAT03,172393.31,1,1
TX0003065,2026-02-21,2026-02,SUP051,CAT03,75935.97,1,1
TX0003066,2026-02-21,2026-02,SUP047,CAT03,243009.73,1,1
TX0003067,2026-02-26,2026-02,SUP051,CAT03,114766.42,1,1
TX0003068,2026-02-08,2026-02,SUP064,CAT03,60483.05,1,1
TX0003069,2026-02-10,2026-02,SUP053,CAT03,57676.45,1,1
TX0003070,2026-02-01,2026-02,SUP014,CAT03,108109.74,0,1
TX0003071,2026-02-24,2026-02,SUP064,CAT03,185189.53,1,1
TX0003072,2026-02-15,2026-02,SUP014,CAT03,48143.6,1,1
TX0003073,2026-02-25,2026-02,SUP008,CAT03,66387.28,1,1
TX0003074,2026-02-02,2026-02,SUP073,CAT03,385614.11,1,1
TX0003075,2026-02-03,2026-02,SUP014,CAT03,457700.48,1,1
TX0003076,2026-02-05,2026-02,SUP008,CAT03,213578.11,1,1
TX0003077,2026-02-22,2026-02,SUP047,CAT03,238009.96,1,1
TX0003078,2026-02-27,2026-02,SUP060,CAT03,378623.66,0,0
TX0003079,2026-02-21,2026-02,SUP008,CAT03,114640.37,1,1
TX0003080,2026-02-14,2026-02,SUP040,CAT03,23036.48,0,0
TX0003081,2026-02-14,2026-02,SUP008,CAT03,423534.63,0,1
TX0003082,2026-02-11,2026-02,SUP039,CAT03,448551.82,1,1
TX0003083,2026-02-20,2026-02,SUP036,CAT03,723453.82,0,0
TX0003084,2026-02-19,2026-02,SUP008,CAT03,540251.19,1,1
TX0003085,2026-02-03,2026-02,SUP064,CAT03,154051.76,0,1
TX0003086,2026-02-09,2026-02,SUP053,CAT03,129734.71,1,1
TX0003087,2026-02-04,2026-02,SUP064,CAT03,220943.04,1,1
TX0003088,2026-02-04,2026-02,SUP064,CAT03,34697.45,1,0
TX0003089,2026-02-25,2026-02,SUP064,CAT03,71821.24,1,1
TX0003090,2026-02-05,2026-02,SUP058,CAT03,115905.82,1,1
TX0003091,2026-02-14,2026-02,SUP071,CAT04,199734.02,1,1
TX0003092,2026-02-02,2026-02,SUP018,CAT04,377467.43,1,1
TX0003093,2026-02-24,2026-02,SUP071,CAT04,381451.9,0,0
TX0003094,2026-02-16,2026-02,SUP037,CAT04,213747.1,1,1
TX0003095,2026-02-22,2026-02,SUP024,CAT04,116853.65,1,1
TX0003096,2026-02-09,2026-02,SUP018,CAT04,233054.42,1,1
TX0003097,2026-02-06,2026-02,SUP018,CAT04,236552.74,1,1
TX0003098,2026-02-06,2026-02,SUP018,CAT04,265077.13,1,1
TX0003099,2026-02-04,2026-02,SUP012,CAT04,56409.51,1,1
TX0003100,2026-02-09,2026-02,SUP037,CAT04,459476.03,1,1
TX0003101,2026-02-24,2026-02,SUP024,CAT04,378409.85,1,1
TX0003102,2026-02-07,2026-02,SUP037,CAT04,138524.97,1,1
TX0003103,2026-02-19,2026-02,SUP018,CAT04,353563.13,1,1
TX0003104,2026-02-22,2026-02,SUP018,CAT04,131151.81,1,1
TX0003105,2026-02-10,2026-02,SUP018,CAT04,411254.9,1,0
TX0003106,2026-02-05,2026-02,SUP018,CAT04,156499.36,1,1
TX0003107,2026-02-10,2026-02,SUP024,CAT04,67914.33,1,1
TX0003108,2026-02-11,2026-02,SUP018,CAT04,531270.66,1,1
TX0003109,2026-02-01,2026-02,SUP037,CAT04,257718.97,1,1
TX0003110,2026-02-19,2026-02,SUP071,CAT04,124534.29,1,1
TX0003111,2026-02-17,2026-02,SUP018,CAT04,434459.57,1,1
TX0003112,2026-02-17,2026-02,SUP018,CAT04,234874.21,1,1
TX0003113,2026-02-10,2026-02,SUP056,CAT05,345796.95,1,1
TX0003114,2026-02-21,2026-02,SUP077,CAT05,1592883.79,0,0
TX0003115,2026-02-23,2026-02,SUP078,CAT05,306377.92,1,1
TX0003116,2026-02-12,2026-02,SUP078,CAT05,458890.08,1,1
TX0003117,2026-02-14,2026-02,SUP048,CAT05,209033.86,1,1
TX0003118,2026-02-24,2026-02,SUP028,CAT05,558102.1,1,1
TX0003119,2026-02-25,2026-02,SUP056,CAT05,349327.24,0,1
TX0003120,2026-02-05,2026-02,SUP077,CAT05,384452.46,1,1
TX0003121,2026-02-09,2026-02,SUP048,CAT05,497866.15,1,1
TX0003122,2026-02-08,2026-02,SUP078,CAT05,312257.66,1,1
TX0003123,2026-02-26,2026-02,SUP078,CAT05,544739.33,1,1
TX0003124,2026-02-09,2026-02,SUP070,CAT05,254195.81,1,1
TX0003125,2026-02-03,2026-02,SUP056,CAT05,523725.56,1,1
TX0003126,2026-02-03,2026-02,SUP001,CAT05,79635.44,0,0
TX0003127,2026-02-01,2026-02,SUP077,CAT05,123587.58,1,1
TX0003128,2026-02-13,2026-02,SUP077,CAT05,205868.76,1,1
TX0003129,2026-02-08,2026-02,SUP078,CAT05,150734.71,1,1
TX0003130,2026-02-01,2026-02,SUP070,CAT05,162894.68,1,1
TX0003131,2026-02-09,2026-02,SUP048,CAT05,646501.57,1,1
TX0003132,2026-02-22,2026-02,SUP048,CAT05,357128.35,1,1
TX0003133,2026-02-05,2026-02,SUP067,CAT06,810043.86,0,0
TX0003134,2026-02-14,2026-02,SUP067,CAT06,393210.18,0,0
TX0003135,2026-02-08,2026-02,SUP067,CAT06,96074.1,1,1
TX0003136,2026-02-20,2026-02,SUP069,CAT06,139515.06,1,1
TX0003137,2026-02-06,2026-02,SUP067,CAT06,170904.54,0,0
TX0003138,2026-02-04,2026-02,SUP069,CAT06,410874.83,1,1
TX0003139,2026-02-23,2026-02,SUP069,CAT06,95755.37,1,1
TX0003140,2026-02-11,2026-02,SUP069,CAT06,340675.96,1,1
TX0003141,2026-02-09,2026-02,SUP067,CAT06,342277.82,0,1
TX0003142,2026-02-15,2026-02,SUP038,CAT06,219743.99,1,1
TX0003143,2026-02-03,2026-02,SUP069,CAT06,420623.05,1,1
TX0003144,2026-02-10,2026-02,SUP020,CAT06,104716.54,1,1
TX0003145,2026-02-26,2026-02,SUP067,CAT06,480449.09,0,1
TX0003146,2026-02-20,2026-02,SUP020,CAT06,37746.44,1,1
TX0003147,2026-02-15,2026-02,SUP067,CAT06,95269.15,0,0
TX0003148,2026-02-02,2026-02,SUP069,CAT06,38797.42,0,0
TX0003149,2026-02-11,2026-02,SUP067,CAT06,110219.4,1,1
TX0003150,2026-02-12,2026-02,SUP067,CAT06,346757.07,0,0
TX0003151,2026-02-10,2026-02,SUP020,CAT06,284870.13,0,0
TX0003152,2026-02-20,2026-02,SUP050,CAT06,253607.66,1,1
TX0003153,2026-02-11,2026-02,SUP067,CAT06,108635.3,0,1
TX0003154,2026-02-23,2026-02,SUP069,CAT06,206712.29,1,1
TX0003155,2026-02-03,2026-02,SUP069,CAT06,483794.93,1,1
TX0003156,2026-02-03,2026-02,SUP069,CAT06,112832.97,1,0
TX0003157,2026-02-09,2026-02,SUP020,CAT06,117533.74,1,1
TX0003158,2026-02-04,2026-02,SUP050,CAT06,121969.15,1,1
TX0003159,2026-02-04,2026-02,SUP067,CAT06,243556.26,1,1
TX0003160,2026-02-26,2026-02,SUP069,CAT06,324833.71,1,1
TX0003161,2026-03-06,2026-03,SUP004,CAT01,1318518.25,0,0
TX0003162,2026-03-21,2026-03,SUP066,CAT01,882990.81,1,1
TX0003163,2026-03-14,2026-03,SUP022,CAT01,600924.41,1,1
TX0003164,2026-03-07,2026-03,SUP006,CAT01,1433642.82,1,1
TX0003165,2026-03-24,2026-03,SUP022,CAT01,261192.09,1,1
TX0003166,2026-03-16,2026-03,SUP022,CAT01,732622.69,1,1
TX0003167,2026-03-14,2026-03,SUP010,CAT01,111025.67,1,1
TX0003168,2026-03-11,2026-03,SUP027,CAT01,626071.75,1,1
TX0003169,2026-03-18,2026-03,SUP022,CAT01,685700.94,0,0
TX0003170,2026-03-23,2026-03,SUP030,CAT01,1395534.48,1,0
TX0003171,2026-03-18,2026-03,SUP066,CAT01,687033.16,1,1
TX0003172,2026-03-24,2026-03,SUP022,CAT01,205346.25,1,1
TX0003173,2026-03-16,2026-03,SUP066,CAT01,746485.12,1,1
TX0003174,2026-03-07,2026-03,SUP022,CAT01,676966.15,1,1
TX0003175,2026-03-23,2026-03,SUP022,CAT01,1054221.66,1,1
TX0003176,2026-03-25,2026-03,SUP046,CAT01,721259.87,1,1
TX0003177,2026-03-12,2026-03,SUP046,CAT01,264608.27,1,1
TX0003178,2026-03-23,2026-03,SUP004,CAT01,275873.47,0,1
TX0003179,2026-03-15,2026-03,SUP080,CAT01,931631.39,1,1
TX0003180,2026-03-13,2026-03,SUP075,CAT01,714258.37,1,1
TX0003181,2026-03-13,2026-03,SUP017,CAT01,584542.34,1,1
TX0003182,2026-03-16,2026-03,SUP029,CAT01,681071.95,0,1
TX0003183,2026-03-19,2026-03,SUP065,CAT01,253063.34,1,1
TX0003184,2026-03-27,2026-03,SUP072,CAT01,1757552.67,1,1
TX0003185,2026-03-14,2026-03,SUP029,CAT01,418973.94,1,1
TX0003186,2026-03-09,2026-03,SUP004,CAT01,520480.99,0,1
TX0003187,2026-03-01,2026-03,SUP046,CAT01,937856.21,1,1
TX0003188,2026-03-21,2026-03,SUP006,CAT01,177084.27,1,1
TX0003189,2026-03-09,2026-03,SUP035,CAT02,88915.85,1,1
TX0003190,2026-03-22,2026-03,SUP021,CAT02,887176.72,1,1
TX0003191,2026-03-03,2026-03,SUP035,CAT02,505962.8,0,1
TX0003192,2026-03-23,2026-03,SUP055,CAT02,465509.04,1,1
TX0003193,2026-03-06,2026-03,SUP052,CAT02,822923.51,1,1
TX0003194,2026-03-20,2026-03,SUP013,CAT02,668743.8,1,1
TX0003195,2026-03-03,2026-03,SUP035,CAT02,140601.65,0,1
TX0003196,2026-03-19,2026-03,SUP035,CAT02,178712.74,1,1
TX0003197,2026-03-22,2026-03,SUP061,CAT02,62329.82,1,1
TX0003198,2026-03-16,2026-03,SUP021,CAT02,450492.88,1,1
TX0003199,2026-03-10,2026-03,SUP035,CAT02,156598.18,0,0
TX0003200,2026-03-27,2026-03,SUP035,CAT02,228091.31,0,0
TX0003201,2026-03-27,2026-03,SUP055,CAT02,757155.93,1,1
TX0003202,2026-03-15,2026-03,SUP035,CAT02,494821.39,1,1
TX0003203,2026-03-19,2026-03,SUP052,CAT02,504310.87,1,1
TX0003204,2026-03-04,2026-03,SUP025,CAT02,1299602.35,1,1
TX0003205,2026-03-04,2026-03,SUP021,CAT02,7668.36,1,1
TX0003206,2026-03-15,2026-03,SUP025,CAT02,164612.51,1,1
TX0003207,2026-03-05,2026-03,SUP044,CAT02,263978.63,1,1
TX0003208,2026-03-01,2026-03,SUP021,CAT02,174568.79,0,1
TX0003209,2026-03-03,2026-03,SUP035,CAT02,632567.33,0,0
TX0003210,2026-03-07,2026-03,SUP063,CAT02,289611.75,0,1
TX0003211,2026-03-11,2026-03,SUP055,CAT02,126670.12,1,1
TX0003212,2026-03-25,2026-03,SUP035,CAT02,422231.65,0,0
TX0003213,2026-03-22,2026-03,SUP035,CAT02,475619.1,1,1
TX0003214,2026-03-01,2026-03,SUP021,CAT02,136922.91,1,1
TX0003215,2026-03-09,2026-03,SUP008,CAT03,577338.84,0,0
TX0003216,2026-03-23,2026-03,SUP008,CAT03,35184.42,1,1
TX0003217,2026-03-08,2026-03,SUP008,CAT03,183402.03,1,1
TX0003218,2026-03-14,2026-03,SUP058,CAT03,275680.06,1,1
TX0003219,2026-03-20,2026-03,SUP014,CAT03,338558.76,0,0
TX0003220,2026-03-21,2026-03,SUP014,CAT03,439830.4,0,0
TX0003221,2026-03-09,2026-03,SUP008,CAT03,146387.51,1,1
TX0003222,2026-03-27,2026-03,SUP008,CAT03,926063.66,1,1
TX0003223,2026-03-03,2026-03,SUP036,CAT03,118435.04,0,0
TX0003224,2026-03-10,2026-03,SUP047,CAT03,440189.07,1,1
TX0003225,2026-03-05,2026-03,SUP051,CAT03,25991.78,1,1
TX0003226,2026-03-19,2026-03,SUP039,CAT03,202155.58,1,1
TX0003227,2026-03-07,2026-03,SUP039,CAT03,84925.73,1,1
TX0003228,2026-03-12,2026-03,SUP058,CAT03,316562.9,1,0
TX0003229,2026-03-01,2026-03,SUP019,CAT03,393446.07,1,1
TX0003230,2026-03-02,2026-03,SUP014,CAT03,308874.79,1,0
TX0003231,2026-03-20,2026-03,SUP064,CAT03,261513.85,1,1
TX0003232,2026-03-16,2026-03,SUP053,CAT03,614820.35,1,1
TX0003233,2026-03-05,2026-03,SUP040,CAT03,132874.41,1,1
TX0003234,2026-03-11,2026-03,SUP019,CAT03,428985.75,1,1
TX0003235,2026-03-18,2026-03,SUP008,CAT03,169738.74,1,1
TX0003236,2026-03-08,2026-03,SUP008,CAT03,516640.26,0,0
TX0003237,2026-03-22,2026-03,SUP037,CAT04,322859.86,1,1
TX0003238,2026-03-25,2026-03,SUP018,CAT04,334732.16,1,1
TX0003239,2026-03-21,2026-03,SUP071,CAT04,613730.57,1,1
TX0003240,2026-03-18,2026-03,SUP037,CAT04,412427.06,1,0
TX0003241,2026-03-15,2026-03,SUP049,CAT04,25766.09,1,1
TX0003242,2026-03-16,2026-03,SUP071,CAT04,91065.29,1,1
TX0003243,2026-03-05,2026-03,SUP071,CAT04,98217.34,1,1
TX0003244,2026-03-17,2026-03,SUP037,CAT04,383710.77,1,1
TX0003245,2026-03-24,2026-03,SUP037,CAT04,555841.9,1,1
TX0003246,2026-03-10,2026-03,SUP071,CAT04,64147.2,1,1
TX0003247,2026-03-03,2026-03,SUP071,CAT04,390508.27,1,1
TX0003248,2026-03-07,2026-03,SUP018,CAT04,199789.05,1,0
TX0003249,2026-03-17,2026-03,SUP049,CAT04,178508.39,1,1
TX0003250,2026-03-20,2026-03,SUP071,CAT04,119244.0,1,1
TX0003251,2026-03-15,2026-03,SUP071,CAT04,159333.1,1,1
TX0003252,2026-03-26,2026-03,SUP018,CAT04,233870.6,1,1
TX0003253,2026-03-03,2026-03,SUP037,CAT04,131368.05,1,1
TX0003254,2026-03-13,2026-03,SUP037,CAT04,269842.64,1,1
TX0003255,2026-03-14,2026-03,SUP018,CAT04,179127.56,0,1
TX0003256,2026-03-27,2026-03,SUP049,CAT04,163794.32,1,1
TX0003257,2026-03-19,2026-03,SUP037,CAT04,307304.61,1,1
TX0003258,2026-03-12,2026-03,SUP024,CAT04,250689.04,1,1
TX0003259,2026-03-08,2026-03,SUP037,CAT04,17125.05,1,1
TX0003260,2026-03-14,2026-03,SUP071,CAT04,278330.42,1,1
TX0003261,2026-03-22,2026-03,SUP077,CAT05,61652.71,0,1
TX0003262,2026-03-21,2026-03,SUP001,CAT05,623417.36,0,0
TX0003263,2026-03-27,2026-03,SUP078,CAT05,149185.63,1,1
TX0003264,2026-03-03,2026-03,SUP078,CAT05,203535.56,1,1
TX0003265,2026-03-04,2026-03,SUP077,CAT05,115628.84,0,0
TX0003266,2026-03-02,2026-03,SUP048,CAT05,313037.77,1,1
TX0003267,2026-03-06,2026-03,SUP078,CAT05,701526.37,1,1
TX0003268,2026-03-10,2026-03,SUP077,CAT05,102923.13,1,1
TX0003269,2026-03-17,2026-03,SUP070,CAT05,260958.59,1,1
TX0003270,2026-03-10,2026-03,SUP077,CAT05,83688.33,1,1
TX0003271,2026-03-02,2026-03,SUP028,CAT05,325376.35,0,1
TX0003272,2026-03-25,2026-03,SUP078,CAT05,1217462.82,1,1
TX0003273,2026-03-24,2026-03,SUP003,CAT05,309009.29,1,1
TX0003274,2026-03-23,2026-03,SUP077,CAT05,103642.42,0,1
TX0003275,2026-03-12,2026-03,SUP048,CAT05,68156.31,0,0
TX0003276,2026-03-19,2026-03,SUP048,CAT05,251961.61,1,1
TX0003277,2026-03-16,2026-03,SUP048,CAT05,331375.71,0,0
TX0003278,2026-03-25,2026-03,SUP001,CAT05,474337.66,1,1
TX0003279,2026-03-05,2026-03,SUP078,CAT05,392427.79,1,1
TX0003280,2026-03-11,2026-03,SUP078,CAT05,385665.6,1,1
TX0003281,2026-03-08,2026-03,SUP001,CAT05,171954.34,0,1
TX0003282,2026-03-26,2026-03,SUP003,CAT05,44909.64,1,1
TX0003283,2026-03-18,2026-03,SUP078,CAT05,217661.49,1,1
TX0003284,2026-03-02,2026-03,SUP001,CAT05,93238.28,1,1
TX0003285,2026-03-02,2026-03,SUP056,CAT05,676941.89,1,1
TX0003286,2026-03-26,2026-03,SUP028,CAT05,76707.61,1,1
TX0003287,2026-03-20,2026-03,SUP077,CAT05,337483.56,0,1
TX0003288,2026-03-05,2026-03,SUP067,CAT06,283180.72,1,1
TX0003289,2026-03-07,2026-03,SUP045,CAT06,609587.56,1,1
TX0003290,2026-03-23,2026-03,SUP067,CAT06,224338.04,1,1
TX0003291,2026-03-05,2026-03,SUP020,CAT06,236298.25,1,1
TX0003292,2026-03-17,2026-03,SUP067,CAT06,97033.93,1,1
TX0003293,2026-03-13,2026-03,SUP067,CAT06,305676.96,1,1
TX0003294,2026-03-25,2026-03,SUP023,CAT06,588447.2,0,1
TX0003295,2026-03-13,2026-03,SUP067,CAT06,226556.35,1,1
TX0003296,2026-03-09,2026-03,SUP069,CAT06,84683.82,1,1
TX0003297,2026-03-10,2026-03,SUP069,CAT06,505709.59,0,0
TX0003298,2026-03-09,2026-03,SUP069,CAT06,364023.88,1,1
TX0003299,2026-03-17,2026-03,SUP067,CAT06,823404.09,0,1
TX0003300,2026-03-09,2026-03,SUP069,CAT06,130517.97,0,0
TX0003301,2026-03-22,2026-03,SUP050,CAT06,408259.55,1,1
TX0003302,2026-03-26,2026-03,SUP069,CAT06,81088.61,1,1
TX0003303,2026-03-18,2026-03,SUP020,CAT06,248810.72,1,1
TX0003304,2026-03-04,2026-03,SUP020,CAT06,286814.71,1,1
TX0003305,2026-03-14,2026-03,SUP069,CAT06,53435.31,0,0
TX0003306,2026-03-11,2026-03,SUP038,CAT06,559052.74,1,1
TX0003307,2026-03-01,2026-03,SUP069,CAT06,456676.23,1,1
TX0003308,2026-03-06,2026-03,SUP069,CAT06,364003.77,0,1
TX0003309,2026-04-18,2026-04,SUP046,CAT01,31201.69,1,1
TX0003310,2026-04-03,2026-04,SUP015,CAT01,1936337.0,1,1
TX0003311,2026-04-25,2026-04,SUP030,CAT01,1147780.42,1,1
TX0003312,2026-04-05,2026-04,SUP017,CAT01,1948380.13,1,1
TX0003313,2026-04-16,2026-04,SUP026,CAT01,1275127.1,0,1
TX0003314,2026-04-20,2026-04,SUP030,CAT01,59964.42,1,1
TX0003315,2026-04-18,2026-04,SUP046,CAT01,1336056.45,1,1
TX0003316,2026-04-12,2026-04,SUP046,CAT01,510822.71,1,1
TX0003317,2026-04-21,2026-04,SUP006,CAT01,747418.5,0,1
TX0003318,2026-04-07,2026-04,SUP046,CAT01,879294.7,1,1
TX0003319,2026-04-08,2026-04,SUP010,CAT01,319712.13,0,0
TX0003320,2026-04-21,2026-04,SUP046,CAT01,495185.2,1,0
TX0003321,2026-04-10,2026-04,SUP010,CAT01,1703351.39,1,1
TX0003322,2026-04-18,2026-04,SUP022,CAT01,1701421.56,0,0
TX0003323,2026-04-18,2026-04,SUP022,CAT01,174095.68,0,1
TX0003324,2026-04-08,2026-04,SUP080,CAT01,1157463.22,1,1
TX0003325,2026-04-06,2026-04,SUP046,CAT01,1837762.89,1,1
TX0003326,2026-04-09,2026-04,SUP006,CAT01,1069143.79,0,1
TX0003327,2026-04-02,2026-04,SUP046,CAT01,1208781.65,1,1
TX0003328,2026-04-22,2026-04,SUP015,CAT01,189766.03,0,0
TX0003329,2026-04-18,2026-04,SUP013,CAT02,25882.69,1,1
TX0003330,2026-04-18,2026-04,SUP061,CAT02,223952.93,0,1
TX0003331,2026-04-27,2026-04,SUP016,CAT02,274249.96,1,1
TX0003332,2026-04-23,2026-04,SUP055,CAT02,245671.33,1,1
TX0003333,2026-04-03,2026-04,SUP052,CAT02,78418.91,0,0
TX0003334,2026-04-26,2026-04,SUP035,CAT02,224667.34,1,1
TX0003335,2026-04-18,2026-04,SUP011,CAT02,277899.66,1,1
TX0003336,2026-04-19,2026-04,SUP035,CAT02,143459.53,1,0
TX0003337,2026-04-14,2026-04,SUP035,CAT02,383987.7,0,1
TX0003338,2026-04-18,2026-04,SUP035,CAT02,576312.01,0,1
TX0003339,2026-04-03,2026-04,SUP035,CAT02,591178.18,0,1
TX0003340,2026-04-25,2026-04,SUP062,CAT02,176342.34,1,1
TX0003341,2026-04-20,2026-04,SUP063,CAT02,451957.81,1,1
TX0003342,2026-04-10,2026-04,SUP035,CAT02,424460.37,0,1
TX0003343,2026-04-27,2026-04,SUP021,CAT02,1038456.9,0,1
TX0003344,2026-04-05,2026-04,SUP021,CAT02,453657.05,1,1
TX0003345,2026-04-20,2026-04,SUP035,CAT02,473853.36,1,1
TX0003346,2026-04-12,2026-04,SUP063,CAT02,659566.27,1,1
TX0003347,2026-04-05,2026-04,SUP025,CAT02,99791.6,1,1
TX0003348,2026-04-15,2026-04,SUP021,CAT02,328723.03,1,1
TX0003349,2026-04-14,2026-04,SUP025,CAT02,939623.85,1,1
TX0003350,2026-04-22,2026-04,SUP025,CAT02,952770.89,1,1
TX0003351,2026-04-25,2026-04,SUP063,CAT02,224610.38,1,1
TX0003352,2026-04-21,2026-04,SUP035,CAT02,922413.25,0,1
TX0003353,2026-04-14,2026-04,SUP021,CAT02,252892.67,1,1
TX0003354,2026-04-10,2026-04,SUP064,CAT03,279304.24,1,1
TX0003355,2026-04-20,2026-04,SUP008,CAT03,392095.9,1,1
TX0003356,2026-04-10,2026-04,SUP064,CAT03,53802.0,1,0
TX0003357,2026-04-16,2026-04,SUP073,CAT03,585856.22,0,1
TX0003358,2026-04-07,2026-04,SUP053,CAT03,231129.59,1,1
TX0003359,2026-04-21,2026-04,SUP073,CAT03,79369.24,1,1
TX0003360,2026-04-10,2026-04,SUP060,CAT03,570470.57,1,1
TX0003361,2026-04-02,2026-04,SUP008,CAT03,239165.32,0,1
TX0003362,2026-04-08,2026-04,SUP008,CAT03,507051.64,1,1
TX0003363,2026-04-03,2026-04,SUP008,CAT03,969721.51,0,1
TX0003364,2026-04-01,2026-04,SUP039,CAT03,60469.8,1,1
TX0003365,2026-04-16,2026-04,SUP053,CAT03,131942.21,1,1
TX0003366,2026-04-24,2026-04,SUP040,CAT03,445178.94,1,1
TX0003367,2026-04-25,2026-04,SUP053,CAT03,252131.55,1,1
TX0003368,2026-04-02,2026-04,SUP039,CAT03,16603.8,1,1
TX0003369,2026-04-11,2026-04,SUP008,CAT03,185306.77,1,1
TX0003370,2026-04-27,2026-04,SUP014,CAT03,210870.82,1,1
TX0003371,2026-04-24,2026-04,SUP073,CAT03,239404.53,1,0
TX0003372,2026-04-24,2026-04,SUP036,CAT03,127610.75,0,0
TX0003373,2026-04-26,2026-04,SUP036,CAT03,689900.58,1,1
TX0003374,2026-04-11,2026-04,SUP008,CAT03,53876.88,1,1
TX0003375,2026-04-10,2026-04,SUP073,CAT03,336897.28,1,1
TX0003376,2026-04-01,2026-04,SUP014,CAT03,157397.98,1,1
TX0003377,2026-04-07,2026-04,SUP053,CAT03,147641.91,1,1
TX0003378,2026-04-16,2026-04,SUP018,CAT04,449286.17,1,1
TX0003379,2026-04-24,2026-04,SUP071,CAT04,117039.5,1,1
TX0003380,2026-04-17,2026-04,SUP071,CAT04,45887.38,1,0
TX0003381,2026-04-23,2026-04,SUP049,CAT04,393815.8,1,1
TX0003382,2026-04-22,2026-04,SUP071,CAT04,60908.14,1,1
TX0003383,2026-04-20,2026-04,SUP071,CAT04,263467.91,1,1
TX0003384,2026-04-02,2026-04,SUP043,CAT04,153150.89,1,1
TX0003385,2026-04-23,2026-04,SUP018,CAT04,448193.36,1,1
TX0003386,2026-04-14,2026-04,SUP049,CAT04,304350.61,1,1
TX0003387,2026-04-11,2026-04,SUP071,CAT04,114581.1,1,1
TX0003388,2026-04-04,2026-04,SUP049,CAT04,395208.28,1,1
TX0003389,2026-04-02,2026-04,SUP018,CAT04,191862.08,1,1
TX0003390,2026-04-22,2026-04,SUP071,CAT04,136900.11,1,1
TX0003391,2026-04-04,2026-04,SUP071,CAT04,150607.18,1,1
TX0003392,2026-04-26,2026-04,SUP037,CAT04,270853.96,1,1
TX0003393,2026-04-12,2026-04,SUP071,CAT04,109874.57,1,1
TX0003394,2026-04-21,2026-04,SUP071,CAT04,85636.76,1,1
TX0003395,2026-04-05,2026-04,SUP071,CAT04,69171.06,1,1
TX0003396,2026-04-04,2026-04,SUP071,CAT04,173516.95,1,1
TX0003397,2026-04-01,2026-04,SUP018,CAT04,73671.99,1,1
TX0003398,2026-04-02,2026-04,SUP071,CAT04,273703.2,1,1
TX0003399,2026-04-19,2026-04,SUP037,CAT04,107691.13,1,1
TX0003400,2026-04-10,2026-04,SUP071,CAT04,203041.62,1,1
TX0003401,2026-04-10,2026-04,SUP071,CAT04,316508.88,1,1
TX0003402,2026-04-23,2026-04,SUP071,CAT04,376949.94,1,1
TX0003403,2026-04-02,2026-04,SUP071,CAT04,160242.29,1,1
TX0003404,2026-04-07,2026-04,SUP071,CAT04,14884.43,1,1
TX0003405,2026-04-10,2026-04,SUP024,CAT04,16124.37,0,1
TX0003406,2026-04-26,2026-04,SUP037,CAT04,268526.34,1,1
TX0003407,2026-04-17,2026-04,SUP018,CAT04,57010.67,1,1
TX0003408,2026-04-24,2026-04,SUP001,CAT05,349554.03,0,1
TX0003409,2026-04-11,2026-04,SUP048,CAT05,195692.59,1,1
TX0003410,2026-04-16,2026-04,SUP078,CAT05,195926.05,1,1
TX0003411,2026-04-17,2026-04,SUP048,CAT05,26663.27,0,0
TX0003412,2026-04-16,2026-04,SUP048,CAT05,96189.29,1,0
TX0003413,2026-04-04,2026-04,SUP078,CAT05,209698.8,1,1
TX0003414,2026-04-02,2026-04,SUP031,CAT05,207951.99,1,1
TX0003415,2026-04-07,2026-04,SUP003,CAT05,215476.43,1,1
TX0003416,2026-04-26,2026-04,SUP078,CAT05,216956.12,1,1
TX0003417,2026-04-19,2026-04,SUP056,CAT05,393875.71,1,1
TX0003418,2026-04-04,2026-04,SUP077,CAT05,62001.36,1,1
TX0003419,2026-04-26,2026-04,SUP031,CAT05,347623.95,1,1
TX0003420,2026-04-11,2026-04,SUP048,CAT05,204873.98,1,1
TX0003421,2026-04-08,2026-04,SUP056,CAT05,376132.82,0,0
TX0003422,2026-04-15,2026-04,SUP077,CAT05,641358.2,1,1
TX0003423,2026-04-07,2026-04,SUP048,CAT05,246455.83,1,1
TX0003424,2026-04-02,2026-04,SUP078,CAT05,154539.81,1,1
TX0003425,2026-04-17,2026-04,SUP078,CAT05,236466.25,1,1
TX0003426,2026-04-02,2026-04,SUP077,CAT05,212658.58,0,0
TX0003427,2026-04-25,2026-04,SUP056,CAT05,522061.94,1,1
TX0003428,2026-04-03,2026-04,SUP077,CAT05,1132557.67,0,0
TX0003429,2026-04-11,2026-04,SUP078,CAT05,892089.13,1,1
TX0003430,2026-04-01,2026-04,SUP031,CAT05,41864.32,1,1
TX0003431,2026-04-15,2026-04,SUP078,CAT05,203205.39,1,1
TX0003432,2026-04-05,2026-04,SUP056,CAT05,373801.84,1,1
TX0003433,2026-04-23,2026-04,SUP078,CAT05,368057.99,1,1
TX0003434,2026-04-13,2026-04,SUP069,CAT06,99347.35,1,1
TX0003435,2026-04-20,2026-04,SUP050,CAT06,279220.48,1,1
TX0003436,2026-04-22,2026-04,SUP069,CAT06,273803.93,1,1
TX0003437,2026-04-17,2026-04,SUP050,CAT06,125257.5,1,1
TX0003438,2026-04-19,2026-04,SUP033,CAT06,263197.63,0,1
TX0003439,2026-04-06,2026-04,SUP069,CAT06,57007.91,1,1
TX0003440,2026-04-16,2026-04,SUP069,CAT06,292228.04,1,1
TX0003441,2026-04-18,2026-04,SUP069,CAT06,418833.01,1,1
TX0003442,2026-04-18,2026-04,SUP069,CAT06,340049.93,1,0
TX0003443,2026-04-01,2026-04,SUP033,CAT06,151826.88,0,1
TX0003444,2026-04-27,2026-04,SUP067,CAT06,397029.89,0,1
TX0003445,2026-04-17,2026-04,SUP038,CAT06,365392.56,1,1
TX0003446,2026-04-18,2026-04,SUP067,CAT06,377322.06,0,1
TX0003447,2026-04-21,2026-04,SUP069,CAT06,580923.47,1,1
TX0003448,2026-04-22,2026-04,SUP069,CAT06,312968.93,1,1
TX0003449,2026-04-21,2026-04,SUP020,CAT06,90173.92,1,1
TX0003450,2026-04-03,2026-04,SUP067,CAT06,105134.61,1,1
TX0003451,2026-04-20,2026-04,SUP076,CAT06,313157.66,1,1
TX0003452,2026-04-03,2026-04,SUP067,CAT06,203554.35,0,1
TX0003453,2026-04-27,2026-04,SUP050,CAT06,174228.16,1,1
TX0003454,2026-04-02,2026-04,SUP067,CAT06,357834.88,1,1
TX0003455,2026-04-10,2026-04,SUP050,CAT06,74911.72,1,1
TX0003456,2026-04-27,2026-04,SUP067,CAT06,362939.35,1,1
TX0003457,2026-04-16,2026-04,SUP067,CAT06,194081.35,0,1
TX0003458,2026-04-22,2026-04,SUP067,CAT06,298155.19,0,0
TX0003459,2026-04-27,2026-04,SUP067,CAT06,81514.57,0,1
TX0003460,2026-04-25,2026-04,SUP067,CAT06,373104.67,1,1
TX0003461,2026-05-13,2026-05,SUP022,CAT01,434324.68,0,0
TX0003462,2026-05-10,2026-05,SUP046,CAT01,957138.33,1,1
TX0003463,2026-05-18,2026-05,SUP072,CAT01,27063.56,1,1
TX0003464,2026-05-22,2026-05,SUP046,CAT01,412323.06,1,1
TX0003465,2026-05-21,2026-05,SUP030,CAT01,80031.51,1,1
TX0003466,2026-05-04,2026-05,SUP017,CAT01,645210.75,1,0
TX0003467,2026-05-01,2026-05,SUP030,CAT01,1768561.0,1,1
TX0003468,2026-05-09,2026-05,SUP065,CAT01,1421653.08,1,1
TX0003469,2026-05-15,2026-05,SUP022,CAT01,148223.74,1,1
TX0003470,2026-05-04,2026-05,SUP065,CAT01,623794.32,1,0
TX0003471,2026-05-13,2026-05,SUP006,CAT01,89218.34,0,1
TX0003472,2026-05-19,2026-05,SUP022,CAT01,909801.62,0,0
TX0003473,2026-05-08,2026-05,SUP079,CAT01,329631.43,1,1
TX0003474,2026-05-13,2026-05,SUP017,CAT01,235177.18,1,1
TX0003475,2026-05-09,2026-05,SUP046,CAT01,179397.04,1,0
TX0003476,2026-05-25,2026-05,SUP022,CAT01,379209.65,1,1
TX0003477,2026-05-04,2026-05,SUP072,CAT01,1571633.46,0,1
TX0003478,2026-05-26,2026-05,SUP015,CAT01,587620.11,1,1
TX0003479,2026-05-21,2026-05,SUP017,CAT01,1132653.15,1,0
TX0003480,2026-05-24,2026-05,SUP066,CAT01,319137.7,1,1
TX0003481,2026-05-17,2026-05,SUP046,CAT01,844164.33,1,1
TX0003482,2026-05-11,2026-05,SUP027,CAT01,224293.59,1,1
TX0003483,2026-05-03,2026-05,SUP022,CAT01,414834.89,1,1
TX0003484,2026-05-26,2026-05,SUP022,CAT01,349740.77,1,1
TX0003485,2026-05-04,2026-05,SUP072,CAT01,1453929.47,0,0
TX0003486,2026-05-25,2026-05,SUP046,CAT01,259146.39,1,1
TX0003487,2026-05-22,2026-05,SUP072,CAT01,779668.48,1,1
TX0003488,2026-05-26,2026-05,SUP080,CAT01,682952.55,1,1
TX0003489,2026-05-21,2026-05,SUP027,CAT01,168647.04,1,1
TX0003490,2026-05-19,2026-05,SUP046,CAT01,1140836.03,1,1
TX0003491,2026-05-22,2026-05,SUP046,CAT01,1231582.77,1,1
TX0003492,2026-05-27,2026-05,SUP021,CAT02,196557.2,1,1
TX0003493,2026-05-03,2026-05,SUP035,CAT02,439887.66,0,0
TX0003494,2026-05-05,2026-05,SUP052,CAT02,727537.6,1,1
TX0003495,2026-05-15,2026-05,SUP025,CAT02,485944.7,0,0
TX0003496,2026-05-18,2026-05,SUP061,CAT02,818332.75,0,1
TX0003497,2026-05-20,2026-05,SUP025,CAT02,521327.06,1,1
TX0003498,2026-05-04,2026-05,SUP021,CAT02,1676740.09,1,1
TX0003499,2026-05-25,2026-05,SUP021,CAT02,400553.77,0,1
TX0003500,2026-05-04,2026-05,SUP035,CAT02,454111.62,1,1
TX0003501,2026-05-04,2026-05,SUP016,CAT02,236451.49,1,1
TX0003502,2026-05-08,2026-05,SUP035,CAT02,2210372.7,0,1
TX0003503,2026-05-19,2026-05,SUP035,CAT02,143750.09,1,1
TX0003504,2026-05-07,2026-05,SUP035,CAT02,231209.59,1,1
TX0003505,2026-05-08,2026-05,SUP055,CAT02,326399.29,1,1
TX0003506,2026-05-20,2026-05,SUP061,CAT02,416330.16,1,1
TX0003507,2026-05-20,2026-05,SUP025,CAT02,304810.0,1,1
TX0003508,2026-05-01,2026-05,SUP021,CAT02,541068.16,0,1
TX0003509,2026-05-27,2026-05,SUP021,CAT02,42224.88,1,1
TX0003510,2026-05-10,2026-05,SUP035,CAT02,309591.18,0,0
TX0003511,2026-05-07,2026-05,SUP064,CAT03,392643.98,0,1
TX0003512,2026-05-17,2026-05,SUP047,CAT03,678487.19,1,1
TX0003513,2026-05-27,2026-05,SUP047,CAT03,430394.01,1,1
TX0003514,2026-05-14,2026-05,SUP058,CAT03,231190.59,1,1
TX0003515,2026-05-22,2026-05,SUP008,CAT03,215164.03,0,0
TX0003516,2026-05-13,2026-05,SUP008,CAT03,644906.26,0,1
TX0003517,2026-05-11,2026-05,SUP073,CAT03,408477.11,1,1
TX0003518,2026-05-23,2026-05,SUP064,CAT03,109826.23,1,1
TX0003519,2026-05-04,2026-05,SUP064,CAT03,41023.22,1,1
TX0003520,2026-05-25,2026-05,SUP008,CAT03,221480.13,1,1
TX0003521,2026-05-11,2026-05,SUP014,CAT03,31893.63,0,0
TX0003522,2026-05-13,2026-05,SUP064,CAT03,202764.74,0,0
TX0003523,2026-05-08,2026-05,SUP008,CAT03,98595.04,1,1
TX0003524,2026-05-18,2026-05,SUP039,CAT03,328104.89,1,1
TX0003525,2026-05-20,2026-05,SUP036,CAT03,77485.18,1,1
TX0003526,2026-05-26,2026-05,SUP064,CAT03,476601.55,0,0
TX0003527,2026-05-21,2026-05,SUP047,CAT03,245246.64,1,1
TX0003528,2026-05-14,2026-05,SUP019,CAT03,106352.71,1,1
TX0003529,2026-05-24,2026-05,SUP047,CAT03,43300.38,1,1
TX0003530,2026-05-06,2026-05,SUP008,CAT03,326398.43,0,1
TX0003531,2026-05-08,2026-05,SUP053,CAT03,290141.16,1,0
TX0003532,2026-05-14,2026-05,SUP053,CAT03,123819.64,1,1
TX0003533,2026-05-15,2026-05,SUP053,CAT03,157259.31,1,1
TX0003534,2026-05-19,2026-05,SUP039,CAT03,469271.6,1,1
TX0003535,2026-05-21,2026-05,SUP019,CAT03,575952.15,0,0
TX0003536,2026-05-25,2026-05,SUP008,CAT03,62020.23,1,1
TX0003537,2026-05-21,2026-05,SUP071,CAT04,422524.25,1,1
TX0003538,2026-05-21,2026-05,SUP071,CAT04,209849.45,1,1
TX0003539,2026-05-26,2026-05,SUP037,CAT04,93266.74,1,1
TX0003540,2026-05-26,2026-05,SUP071,CAT04,297218.82,1,1
TX0003541,2026-05-03,2026-05,SUP043,CAT04,341958.45,1,1
TX0003542,2026-05-01,2026-05,SUP018,CAT04,164250.5,1,1
TX0003543,2026-05-23,2026-05,SUP071,CAT04,254381.94,1,1
TX0003544,2026-05-21,2026-05,SUP037,CAT04,86894.54,1,1
TX0003545,2026-05-12,2026-05,SUP071,CAT04,494157.96,1,1
TX0003546,2026-05-27,2026-05,SUP049,CAT04,113175.92,1,1
TX0003547,2026-05-22,2026-05,SUP018,CAT04,38427.98,1,1
TX0003548,2026-05-22,2026-05,SUP037,CAT04,146010.85,1,1
TX0003549,2026-05-02,2026-05,SUP018,CAT04,75326.37,1,1
TX0003550,2026-05-01,2026-05,SUP018,CAT04,116712.02,1,0
TX0003551,2026-05-15,2026-05,SUP049,CAT04,65729.45,1,1
TX0003552,2026-05-15,2026-05,SUP018,CAT04,315077.89,1,1
TX0003553,2026-05-07,2026-05,SUP071,CAT04,176863.79,1,0
TX0003554,2026-05-07,2026-05,SUP037,CAT04,234466.39,1,1
TX0003555,2026-05-26,2026-05,SUP037,CAT04,54630.12,1,1
TX0003556,2026-05-04,2026-05,SUP024,CAT04,116137.92,1,1
TX0003557,2026-05-06,2026-05,SUP018,CAT04,258485.61,1,1
TX0003558,2026-05-15,2026-05,SUP049,CAT04,146231.67,1,1
TX0003559,2026-05-15,2026-05,SUP037,CAT04,204868.2,1,1
TX0003560,2026-05-02,2026-05,SUP049,CAT04,162227.92,1,1
TX0003561,2026-05-16,2026-05,SUP037,CAT04,487428.42,1,1
TX0003562,2026-05-23,2026-05,SUP018,CAT04,539056.25,1,1
TX0003563,2026-05-06,2026-05,SUP037,CAT04,208640.58,1,1
TX0003564,2026-05-15,2026-05,SUP070,CAT05,59750.66,1,1
TX0003565,2026-05-12,2026-05,SUP056,CAT05,77363.39,1,1
TX0003566,2026-05-10,2026-05,SUP078,CAT05,265000.45,0,1
TX0003567,2026-05-09,2026-05,SUP003,CAT05,625236.16,0,0
TX0003568,2026-05-06,2026-05,SUP077,CAT05,149657.38,1,1
TX0003569,2026-05-23,2026-05,SUP048,CAT05,682398.64,1,1
TX0003570,2026-05-19,2026-05,SUP048,CAT05,52158.99,1,1
TX0003571,2026-05-16,2026-05,SUP077,CAT05,300494.17,1,0
TX0003572,2026-05-15,2026-05,SUP078,CAT05,277960.08,1,1
TX0003573,2026-05-04,2026-05,SUP078,CAT05,384518.33,1,1
TX0003574,2026-05-13,2026-05,SUP070,CAT05,329465.96,1,1
TX0003575,2026-05-24,2026-05,SUP048,CAT05,203270.73,1,1
TX0003576,2026-05-11,2026-05,SUP078,CAT05,204561.34,1,1
TX0003577,2026-05-19,2026-05,SUP048,CAT05,547815.7,1,1
TX0003578,2026-05-19,2026-05,SUP070,CAT05,312702.86,1,1
TX0003579,2026-05-02,2026-05,SUP078,CAT05,25999.71,1,1
TX0003580,2026-05-20,2026-05,SUP056,CAT05,220134.02,0,0
TX0003581,2026-05-06,2026-05,SUP077,CAT05,236076.75,0,1
TX0003582,2026-05-23,2026-05,SUP031,CAT05,235017.79,0,1
TX0003583,2026-05-25,2026-05,SUP003,CAT05,493557.99,0,0
TX0003584,2026-05-14,2026-05,SUP078,CAT05,179336.15,1,1
TX0003585,2026-05-20,2026-05,SUP048,CAT05,350195.43,1,1
TX0003586,2026-05-26,2026-05,SUP048,CAT05,827097.63,1,1
TX0003587,2026-05-22,2026-05,SUP070,CAT05,628291.37,1,1
TX0003588,2026-05-23,2026-05,SUP048,CAT05,166023.79,1,1
TX0003589,2026-05-22,2026-05,SUP028,CAT05,319514.52,0,0
TX0003590,2026-05-14,2026-05,SUP069,CAT06,179302.38,0,1
TX0003591,2026-05-20,2026-05,SUP033,CAT06,271172.06,0,1
TX0003592,2026-05-16,2026-05,SUP023,CAT06,166045.5,1,1
TX0003593,2026-05-11,2026-05,SUP067,CAT06,87839.41,0,1
TX0003594,2026-05-20,2026-05,SUP038,CAT06,255894.15,0,1
TX0003595,2026-05-08,2026-05,SUP020,CAT06,305743.91,1,1
TX0003596,2026-05-23,2026-05,SUP050,CAT06,306853.19,1,1
TX0003597,2026-05-04,2026-05,SUP069,CAT06,311453.63,1,1
TX0003598,2026-05-02,2026-05,SUP020,CAT06,233131.15,1,1
TX0003599,2026-05-05,2026-05,SUP067,CAT06,37161.22,0,0
TX0003600,2026-05-24,2026-05,SUP067,CAT06,687029.48,1,1
TX0003601,2026-05-19,2026-05,SUP067,CAT06,304170.62,0,1
TX0003602,2026-05-04,2026-05,SUP067,CAT06,132805.44,1,1
TX0003603,2026-05-17,2026-05,SUP020,CAT06,336146.66,1,1
TX0003604,2026-05-23,2026-05,SUP020,CAT06,66048.87,1,0
TX0003605,2026-05-21,2026-05,SUP067,CAT06,275912.24,0,1
TX0003606,2026-05-03,2026-05,SUP069,CAT06,144113.91,0,1
TX0003607,2026-05-04,2026-05,SUP067,CAT06,69550.7,0,1
TX0003608,2026-05-06,2026-05,SUP067,CAT06,68488.27,0,0
TX0003609,2026-05-20,2026-05,SUP074,CAT06,245976.99,0,1
TX0003610,2026-05-11,2026-05,SUP069,CAT06,267468.76,0,0
TX0003611,2026-05-09,2026-05,SUP069,CAT06,82802.67,1,1
TX0003612,2026-05-04,2026-05,SUP067,CAT06,145739.8,0,1
TX0003613,2026-05-25,2026-05,SUP069,CAT06,228663.97,0,1
TX0003614,2026-05-19,2026-05,SUP067,CAT06,117485.24,0,1
TX0003615,2026-05-01,2026-05,SUP069,CAT06,612269.01,1,1
TX0003616,2026-05-18,2026-05,SUP069,CAT06,248212.05,0,0
TX0003617,2026-05-23,2026-05,SUP067,CAT06,166365.98,1,1
TX0003618,2026-05-05,2026-05,SUP069,CAT06,371653.17,0,0
TX0003619,2026-05-25,2026-05,SUP074,CAT06,263299.57,0,1
